stamp,postal agency,date,department,starred hour,collection,stamp type,quality
FI-0970-0003_cls1_0,LATILLAY,1917-07-10TXX:XX,AIN,False,,date stamp,mediocre
FI-0970-0006_cls1_0,GIVENY,XXXX-10-17T15:XX,MARNE,False,,date stamp,mediocre
FI-0970-0007_cls1_0,,XXXX-XX-XXTXX:XX,,False,,date stamp,poor
FI-0970-0010_cls1_0,,1913-08-10TXX:XX,,False,,hexagonal date stamp,mediocre
FI-0970-0011_cls1_0,,1907-05-18T08:25,,False,,date stamp,mediocre
FI-0970-0013_cls1_0,PARIS GARE D'ARGEN,1904-03-25T10:12,SEINE,False,,date stamp,mediocre
FI-0970-0017_cls1_0,,1915-09-15T14:25,MARNE,False,,date stamp,mediocre
FI-0970-0020_cls1_0,BUZANCAIS,1906-08-01T16:25,INDRE,False,,date stamp,mediocre
FI-0970-0022_cls1_0,ARECHEL,1907-04-08TXX:XX,SF,True,,date stamp,mediocre
FI-0970-0024_cls1_0,,XXXX-XX-XXTXX:XX,,False,,date stamp,poor
FI-0970-0025_cls1_0,,XXXX-XX-XXTXX:XX,,False,,,poor
FI-0970-0032_cls1_0,VOUZIERS,1906-11-28T15:40,ARDENNES,False,,date stamp,mediocre
FI-0970-0036_cls1_0,,XXXX-XX-XXTXX:XX,,False,,date stamp,poor
FI-0970-0040_cls1_0,,XXXX-XX-XXTXX:XX,,False,,,poor
FI-0970-0041_cls1_0,PAU,1905-05-30TXX:XX,BASSES-PYR,True,,date stamp,mediocre
FI-0970-0042_cls1_0,DOLMANCHE,1906-09-16T22:XX,MARNE,False,,date stamp,mediocre
FI-0970-0053_cls1_0,,XXXX-XX-XXTXX:XX,,False,,date stamp,poor
FI-0970-0056_cls1_0,,1908-XX-XXTXX:XX,S.-ET-O.,True,,date stamp,poor
FI-0970-0058_cls1_0,VAREY,1913-07-29T11:55,ARDENNES,False,,date stamp,mediocre
FI-0970-0064_cls1_0,,XXXX-XX-XXTXX:XX,,False,,date stamp,poor
FI-0970-0067_cls1_0,MUZERIÈS-CHARLEV.,1906-10-26T18:10,MARNE,False,,date stamp,good
FI-0970-0068_cls1_0,,1915-XX-18TXX:XX,MARNE,False,,date stamp,mediocre
FI-0970-0070_cls1_0,ROMILLY S/SEINE,1924-05-27T07:45,AUBE,False,,date stamp,mediocre
FI-0970-0077_cls1_0,,XXXX-XX-XXTXX:XX,,False,,date stamp,poor
FI-0970-0077_cls1_1,,XXXX-XX-XXTXX:XX,,False,,,poor
FI-0970-0078_cls1_0,,XXXX-XX-XXTXX:XX,,False,,date stamp,poor
FI-0970-0080_cls1_0,,XXXX-XX-XXTXX:XX,,False,,date stamp,poor
FI-0970-0082_cls1_0,,XXXX-XX-XXTXX:XX,,False,,date stamp,poor
FI-0970-0084_cls1_0,CHAUMONT GARE,1911-07-24T07:XX,HT MARNE,False,,date stamp,mediocre
FI-0970-0084_cls1_1,BEAUMONT-S/VESELE,1907-04-21T19:XX,MARNE,True,,date stamp,good
FI-0970-0085_cls1_0,,XXXX-XX-XXTXX:XX,,False,,date stamp,poor
FI-0970-0086_cls1_0,CHALONS S/ MARNE,1910-02-06T14:10,MARNE,False,,date stamp,mediocre
FI-0970-0088_cls1_0,,XXXX-XX-XXTXX:XX,,False,,date stamp,poor
FI-0970-0089_cls1_0,,XXXX-XX-XXTXX:XX,,False,,date stamp,poor
FI-0970-0090_cls1_0,,XXXX-XX-XXTXX:XX,,False,,,poor
FI-0970-0091_cls1_0,,XXXX-XX-XXTXX:XX,,False,,date stamp,poor
FI-0970-0092_cls1_0,,XXXX-XX-XXT18:20,,False,,date stamp,poor
FI-0970-0093_cls1_0,,1905-03-12T06:25,MARNE,False,,date stamp,mediocre
FI-0970-0096_cls1_0,,XXXX-XX-XXTXX:XX,,False,,,poor
FI-0970-0096_cls1_1,,XXXX-XX-XXTXX:XX,,False,,date stamp,poor
FI-0970-0101_cls1_0,,XXXX-XX-XXTXX:XX,,False,,convoyeur line stamp,poor
FI-0970-0101_cls1_1,,1928-05-25TXX:XX,SEINE ET OISE,False,,date stamp,mediocre
FI-0970-0102_cls1_0,STAINS,1908-08-06TXX:XX,SEINE ET OISE,False,,date stamp,mediocre
FI-0970-0106_cls1_0,,XXXX-XX-XXTXX:XX,,False,,convoyeur line stamp,poor
FI-0970-0107_cls1_0,,XXXX-09-10T12:XX,ALPES-MARI,False,,date stamp,poor
FI-0970-0108_cls1_0,,XXXX-XX-XXTXX:XX,,False,,,poor
FI-0970-0112_cls1_0,,1907-11-15TXX:XX,,False,,date stamp,poor
FI-0970-0113_cls1_0,,1920-06-11TXX:XX,MARNE,False,,date stamp,mediocre
FI-0970-0116_cls1_0,,XXXX-XX-XXTXX:XX,,False,,date stamp,poor
FI-0970-0117_cls1_0,,XXXX-XX-XXTXX:XX,,False,,date stamp,poor
FI-0970-0118_cls1_0,CONTREXEVILLE,1908-08-24TXX:XX,VOSGES,False,,date stamp,mediocre
FI-0970-0125_cls1_0,,1907-08-15TXX:XX,,False,,date stamp,poor
FI-0970-0125_cls1_1,,XXXX-XX-XXTXX:XX,,False,,date stamp,poor
FI-0970-0125_cls1_2,,XXXX-XX-XXTXX:XX,,False,,date stamp,poor
FI-0970-0125_cls1_3,,XXXX-XX-XXTXX:XX,,False,,date stamp,poor
FI-0970-0126_cls1_0,,XXXX-XX-XXTXX:XX,,False,26,date stamp,poor
FI-0970-0130_cls1_0,,1908-11-15TXX:XX,MARNE,False,,date stamp,poor
FI-0970-0131_cls1_0,,XXXX-XX-XXTXX:XX,,False,,date stamp,poor
FI-0970-0132_cls1_0,PARIS-38,1908-06-05TXX:XX,SEINE,False,,date stamp,poor
FI-0970-0133_cls1_0,CHALONS-S-MARNE,1907-05-04T09:XX,MARNE,False,,date stamp,mediocre
FI-0970-0134_cls1_0,CHAMPAGNE-S-MARNE,1908-10-08TXX:XX,MARNE,True,,date stamp,mediocre
FI-0970-0137_cls1_0,,XXXX-XX-XXTXX:XX,,False,5E,date stamp,poor
FI-0970-0138_cls1_0,,1931-05-XXTXX:XX,VOSGES,False,,date stamp,poor
FI-0970-0138_cls1_1,,XXXX-XX-11TXX:XX,VOSGES,False,,date stamp,poor
FI-0970-0139_cls1_0,,XXXX-XX-10T16:XX,,True,,date stamp,mediocre
FI-0970-0140_cls1_0,,XXXX-XX-XXTXX:XX,,False,,date stamp,poor
FI-0970-0141_cls1_0,,XXXX-XX-XXTXX:XX,,False,,date stamp,poor
FI-0970-0142_cls1_0,GIVET,XXXX-09-XXTXX:XX,ARDENNES,False,7E,date stamp,poor
FI-0970-0144_cls1_0,BARBONNE FAYEL,1912-03-08T10:10,MARNE,False,,date stamp,good
FI-0970-0145_cls1_0,,1905-07-12TXX:XX,MORBIHAN,False,,date stamp,mediocre
FI-0970-0146_cls1_0,CHAMPENOISE,190X-09-14TXX:XX,MARNE,True,,date stamp,mediocre
FI-0970-0146_cls1_1,,XXXX-XX-XXTXX:XX,,False,,date stamp,poor
FI-0970-0147_cls1_0,,XXXX-XX-XXTXX:XX,,False,,date stamp,poor
FI-0970-0151_cls1_0,VESOUL,1927-07-25TXX:XX,Hte-SAONE,True,,date stamp,poor
FI-0970-0152_cls1_0,,XXXX-XX-XXTXX:XX,,False,,date stamp,poor
FI-0970-0154_cls1_0,,XXXX-XX-XXT3X:2X,,False,,date stamp,poor
FI-0970-0155_cls1_0,,XXXX-XX-XXTXX:XX,,False,,date stamp,poor
FI-0970-0158_cls1_0,,1928-08-10TXX:XX,PAS DE CALAIS,False,,date stamp,mediocre
FI-0970-0160_cls1_0,,XXXX-XX-13TXX:33,MARNE,False,,date stamp,poor
FI-0970-0161_cls1_0,,XXXX-XX-XXTXX:XX,,False,,date stamp,poor
FI-0970-0163_cls1_0,VOUZIERS,1909-04-15T07:XX,MARNE,False,5E,date stamp,mediocre
FI-0970-0165_cls1_0,,190X-12-18T21:55,,False,,date stamp,poor
FI-0970-0165_cls1_1,,XXXX-XX-XXTXX:XX,,False,,date stamp,poor
FI-0970-0167_cls1_0,,1907-10-02TXX:XX,,False,5E,date stamp,poor
FI-0970-0169_cls1_0,EPERNAY,1906-10-11T19:30,MARNE,False,,date stamp,poor
FI-0970-0172_cls1_0,,XXXX-XX-25TXX:XX,,False,,date stamp,poor
FI-0970-0173_cls1_0,CHALONS S/ MARNE,1908-07-23T11:XX,MARNE,True,,date stamp,mediocre
FI-0970-0174_cls1_0,ST-MARNE,1905-XX-18TXX:XX,,False,8E,date stamp,mediocre
FI-0970-0175_cls1_0,,XXXX-08-20TXX:XX,AUBE,False,,date stamp,poor
FI-0970-0181_cls1_0,ST-PAUL,XXXX-09-22TXX:XX,,False,5E,date stamp,mediocre
FI-0970-0185_cls1_0,,XXXX-XX-XXTXX:XX,,False,,date stamp,poor
FI-0970-0188_cls1_0,,1915-07-14TXX:XX,,False,1E,date stamp,poor
FI-0970-0188_cls1_1,,XXXX-XX-XXTXX:XX,,False,,date stamp,poor
FI-0970-0189_cls1_0,,1910-03-28TXX:XX,MARNE,True,,date stamp,mediocre
FI-0970-0190_cls1_0,,1907-03-08TXX:XX,,True,,date stamp,mediocre
FI-0970-0192_cls1_0,EPERNAY,1913-08-27T21:35,MARNE,False,,date stamp,mediocre
FI-0970-0196_cls1_0,N**SSARED,XXXX-12-08TXX:XX,COTE D'OR,False,,date stamp,poor
FI-0970-0197_cls1_0,,XXXX-XX-XXTXX:XX,MARNE,False,,date stamp,poor
FI-0970-0199_cls1_0,,XXXX-XX-XXTXX:XX,MARNE,False,3,date stamp,poor
FI-0970-0201_cls1_0,CHAGNY,1911-05-06T18:XX,SAONE-ET-LOIRE,False,,date stamp,mediocre
FI-0970-0202_cls1_0,EPINAL,1905-XX-2XTXX:XX,VOSGES,False,,date stamp,mediocre
FI-0970-0205_cls1_0,MARGERIE,XXXX-XX-XXTXX:XX,MARNE,False,3E,date stamp,poor
FI-0970-0207_cls1_0,,XXXX-02-16TXX:XX,,False,7E,date stamp,poor
FI-0970-0208_cls1_0,EPERNAY,XXXX-XX-14T15:XX,MARNE,True,,date stamp,mediocre
FI-0970-0208_cls1_1,,XXXX-XX-XXTXX:XX,,False,,date stamp,poor
FI-0970-0208_cls1_2,,XXXX-XX-XXTXX:XX,,False,,date stamp,poor
FI-0970-0211_cls1_0,,XXXX-XX-XXTXX:XX,,False,,,poor
FI-0970-0213_cls1_0,,XXXX-08-10TXX:XX,,False,,date stamp,poor
FI-0970-0215_cls1_0,,XXXX-XX-XXTXX:XX,,False,,date stamp,poor
FI-0970-0217_cls1_0,,XXXX-XX-XXTXX:XX,MEUSE,False,,date stamp,poor
FI-0970-0218_cls1_0,,190X-06-XXTXX:XX,MARNE,False,,hexagonal date stamp,mediocre
FI-0970-0219_cls1_0,PARIS,1908-07-20T20:15,SEINE,False,,date stamp,mediocre
FI-0970-0220_cls1_0,MARNE,1912-07-14TXX:XX,MARNE,False,,date stamp,mediocre
FI-0970-0225_cls1_0,IXARD,19XX-XX-XXTXX:XX,,False,,convoyeur line stamp,poor
FI-0970-0226_cls1_0,,XXXX-XX-XXTXX:XX,MARNE,True,,date stamp,poor
FI-0970-0229_cls1_0,,XXXX-XX-XXTXX:XX,,False,,date stamp,poor
FI-0970-0230_cls1_0,VERDUN,XXXX-08-18T13:XX,MEUSE,True,,date stamp,mediocre
FI-0970-0234_cls1_0,EPERNAY,1913-08-25T22:35,MARNE,False,,date stamp,mediocre
FI-0970-0238_cls1_0,,XXXX-XX-XXTXX:XX,YVELINES,False,,date stamp,poor
FI-0970-0242_cls1_0,,1908-08-05T20:XX,MEUSE,True,,date stamp,mediocre
FI-0970-0243_cls1_0,,XXXX-XX-XXTXX:XX,MARNE,False,,date stamp,poor
FI-0970-0254_cls1_0,NANCY,1906-05-21TXX:XX,VOSGES,False,,date stamp,mediocre
FI-0970-0262_cls1_0,EPINAL,1908-08-15TXX:35,VOSGES,False,,date stamp,mediocre
FI-0970-0280_cls1_0,,XXXX-XX-XXTXX:XX,,False,,date stamp,poor
FI-0970-0281_cls1_0,+ BOURG,1906-04-28T22:XX,VOSGES,True,,date stamp,mediocre
FI-0970-0286_cls1_0,,XXXX-XX-XXTXX:XX,,False,,date stamp,poor
FI-0970-0288_cls1_0,,XXXX-XX-XXTXX:XX,,False,,date stamp,poor
FI-0970-0290_cls1_0,,XXXX-XX-XXTXX:XX,,False,,,poor
FI-0970-0294_cls1_0,EPINAL,1907-1X-13T08:XX,VOSGES,False,,date stamp,mediocre
FI-0970-0297_cls1_0,,1907-08-15TXX:XX,,False,,date stamp,mediocre
FI-0970-0301_cls1_0,,1915-09-17T18:20,,False,,date stamp,mediocre
FI-0970-0303_cls1_0,,XXXX-04-25TXX:XX,,False,,date stamp,poor
FI-0970-0311_cls1_0,VITRY LE FRANCOIS,1908-10-11T18:XX,MARNE,True,,date stamp,mediocre
FI-0970-0313_cls1_0,ST GERMAIN BESLE (S/VAL),1920-10-X1TX7:XX,MARNE,False,,date stamp,poor
FI-0970-0315_cls1_0,DOLE,1908-07-28TXX:XX,JURA,False,5E,date stamp,mediocre
FI-0970-0316_cls1_0,LYON-BAL,XXXX-XX-XXT11:35,RHONE,False,,date stamp,poor
FI-0970-0317_cls1_0,,XXXX-06-20TXX:XX,,False,,date stamp,poor
FI-0970-0318_cls1_0,,XXXX-XX-XXTXX:XX,,False,,,poor
FI-0970-0319_cls1_0,CHALINDREY,XXXX-07-31T13:XX,H. MARNE,True,,date stamp,mediocre
FI-0970-0322_cls1_0,,XXXX-03-15TXX:XX,,False,,date stamp,mediocre
FI-0970-0325_cls1_0,REIMS-PRINCIP,XXXX-06-17T17:20,MARNE,True,,date stamp,mediocre
FI-0970-0338_cls1_0,,XXXX-XX-XXTXX:XX,,False,,date stamp,poor
FI-0970-0473_cls1_0,,XXXX-XX-XXTXX:XX,MARNE,False,,date stamp,poor
FI-0970-0474_cls1_0,REIMS-PORTE,1911-06-10T15:45,MARNE,False,,date stamp,poor
FI-0970-0475_cls1_0,GARE D'EPERNAY,190X-08-29TXX:XX,MARNE,True,,date stamp,mediocre
FI-0970-0488_cls1_0,,XXXX-XX-XXTXX:XX,,False,,,poor
FI-0970-0489_cls1_0,EPERNAY,1910-10-26T22:10,MARNE,False,,date stamp,mediocre
FI-0970-0490_cls1_0,GARE D'EPERNAY,1912-08-01T23:35,MARNE,False,,date stamp,mediocre
FI-0970-0491_cls1_0,GARE D'EPERNAY A,1912-08-17T23:35,MARNE,False,,date stamp,good
FI-0970-0492_cls1_0,GARE D'EPERNAY,1912-08-01T23:35,MARNE,False,,date stamp,good
FI-0970-0502_cls1_0,EPERNAY,19XX-03-16TXX:XX,MARNE,True,,date stamp,mediocre
FI-0970-0515_cls1_0,VERDUN,XXXX-XX-XXTXX:XX,MEUSE,False,,date stamp,poor
FI-0970-0517_cls1_0,,1909-05-20TXX:XX,,False,,date stamp,poor
FI-0970-0523_cls1_0,GARE D'EPERNAY,1907-12-13TXX:XX,MARNE,False,1E,date stamp,mediocre
FI-0970-0524_cls1_0,EPERNAY,1907-08-05TXX:30,MARNE,False,,date stamp,mediocre
FI-0970-0526_cls1_0,,1911-XX-26T10:25,MARNE,False,,date stamp,mediocre
FI-0970-0534_cls1_0,,1945-XX-4XT14:XX,MARNE,False,,date stamp,mediocre
FI-0970-0545_cls1_0,,XXXX-XX-XXTXX:XX,,False,,date stamp,poor
FI-0970-0560_cls1_0,PARIS 83,1905-06-XXTXX:XX,PARIS,True,,date stamp,mediocre
FI-0970-0560_cls1_1,,XXXX-XX-07T21:XX,,True,,date stamp,poor
FI-0970-0561_cls1_0,NANCY,1918-08-18T06:10,MTHE ET MLLE,False,,date stamp,mediocre
FI-0970-0564_cls1_0,,1908-10-05T09:45,MTHE ET MLLE,False,,date stamp,mediocre
FI-0970-0565_cls1_0,NANCY GARE,1904-03-06T21:35,MTHE ET MLLE,False,,date stamp,mediocre
FI-0970-0568_cls1_0,GARE NANCY,1904-04-06TXX:20,MTHE ET MLLE,False,,date stamp,mediocre
FI-0970-0570_cls1_0,NANCY,1908-05-05T18:55,MTHE ET MLLE,False,,date stamp,mediocre
FI-0970-0574_cls1_0,PARIS 67,1915-08-22TXX:XX,S. ET O.,False,5E,date stamp,mediocre
FI-0970-0578_cls1_0,,191X-XX-XXTXX:XX,,False,,date stamp,poor
FI-0970-0580_cls1_0,,XXXX-XX-XXTXX:XX,,False,,date stamp,poor
FI-0970-0581_cls1_0,,1920-08-25TXX:XX,,False,7E,date stamp,poor
FI-0970-0582_cls1_0,NANCY GARE,1905-10-11TXX:XX,MTHE ET MLLE,False,11E,date stamp,mediocre
FI-0970-0583_cls1_0,,1908-02-04TXX:XX,MTHE-ET-MLLE,False,,date stamp,mediocre
FI-0970-0588_cls1_0,NANCY GARE,1907-03-20T22:35,MTHE ET MLLE,False,,date stamp,mediocre
FI-0970-0589_cls1_0,,1927-08-14TXX:XX,,False,12E,date stamp,poor
FI-0970-0593_cls1_0,NANCY,1908-10-13T09:45,MTHE ET MLLE,False,,date stamp,good
FI-0970-0594_cls1_0,,1903-05-12T08:XX,,False,,date stamp,mediocre
FI-0970-0596_cls1_0,,XXXX-XX-XXT15:XX,,False,,date stamp,poor
FI-0970-0603_cls1_0,,1908-09-09T09:55,MTHE ET MLLE,False,,date stamp,mediocre
FI-0970-0606_cls1_0,,XXXX-XX-XXTXX:XX,,False,,date stamp,poor
FI-0970-0607_cls1_0,,XXXX-XX-XXTXX:XX,,False,,date stamp,poor
FI-0970-0611_cls1_0,,XXXX-XX-28TXX:25,,False,,date stamp,poor
FI-0970-0614_cls1_0,,XXXX-XX-XXTXX:XX,,False,,date stamp,poor
FI-0970-0616_cls1_0,NANCY-ENTREPOT,1917-04-26TXX:XX,MTHE ET MLLE,False,,date stamp,mediocre
FI-0970-0617_cls1_0,,XXXX-XX-XXTXX:XX,,False,,date stamp,poor
FI-0970-0618_cls1_0,,1927-11-05T11:25,MARNE,False,,date stamp,mediocre
FI-0970-0621_cls1_0,NANCY-GARE,XXXX-XX-XXTXX:XX,MTHE ET MLLE,False,,date stamp,poor
FI-0970-0623_cls1_0,NANCY,1908-07-28T12:55,MTHE ET MLLE,False,,date stamp,good
FI-0970-0625_cls1_0,,XXXX-XX-XXTXX:XX,,False,,,poor
FI-0970-0626_cls1_0,,1911-09-22T21:25,MANCHE,False,,date stamp,mediocre
FI-0970-0627_cls1_0,NANCY,1913-XX-08T06:XX,MTHE ET MLLE,False,,date stamp,mediocre
FI-0970-0635_cls1_0,TROYES,1904-08-26TXX:XX,AUBE,False,8E,date stamp,mediocre
FI-0970-0636_cls1_0,,XXXX-07-31T17:55,MTHE ET MLLE,False,,date stamp,mediocre
FI-0970-0637_cls1_0,NANCY,1905-12-20T08:45,MTHE ET MLLE,False,,date stamp,good
FI-0970-0638_cls1_0,,XXXX-XX-08T15:XX,,False,,date stamp,poor
FI-0970-0639_cls1_0,CHALONS S/ MARNE,1924-11-05TXX:XX,MARNE,False,,date stamp,mediocre
FI-0970-0639_cls1_1,BAINS-LES-BAINS,1924-XX-05TXX:XX,VOSGES,False,5E,date stamp,mediocre
FI-0970-0641_cls1_0,NANCY-ENTREPOT,1907-09-04T19:XX,MTHE ET MLLE,False,,date stamp,mediocre
FI-0970-0651_cls1_0,,XXXX-XX-XXTXX:XX,,False,,date stamp,poor
FI-0970-0677_cls1_0,,XXXX-XX-XXTXX:XX,,False,,,poor
FI-0970-0681_cls1_0,VAVIN ET METRO,XXXX-08-08T09:20,SEINE,False,,date stamp,mediocre
FI-0970-0717_cls1_0,GARE DE L'EST A NANCY,1913-03-30T22:10,,False,,convoyeur line stamp,mediocre
FI-0970-0720_cls1_0,,1908-03-01T08:XX,MTHE ET MLLE,False,,date stamp,mediocre
FI-0970-0721_cls1_0,CHALONS/D/ MARNE,1912-08-09T22:30,MARNE,False,,date stamp,mediocre
FI-0970-0724_cls1_0,SOMME,1914-04-02TXX:XX,SOMME,True,,date stamp,poor
FI-0970-0730_cls1_0,,XXXX-XX-XXTXX:XX,,False,,date stamp,poor
FI-0970-0731_cls1_0,,XXXX-XX-XXTXX:XX,,False,,,poor
FI-0970-0732_cls1_0,FREYMING,1945-03-02TXX:XX,MOSELLE,False,19E,date stamp,mediocre
FI-0970-0735_cls1_0,CHALONS S/ MARNE,1909-12-22T18:XX,MARNE,False,,date stamp,mediocre
FI-0970-0737_cls1_0,,1910-01-24T16:35,,False,,date stamp,mediocre
FI-0970-0739_cls1_0,CHALONS S/ MARNE,1906-08-12T21:XX,MARNE,True,,date stamp,mediocre
FI-0970-0741_cls1_0,CHALONS-S-MARNE,1910-XX-05TXX:XX,MARNE,False,4E,date stamp,poor
FI-0970-0747_cls1_0,CHALONS S/ MARNE,1906-08-02T09:10,MARNE,False,,date stamp,mediocre
FI-0970-0748_cls1_0,TROYES,1905-08-30T20:50,AUBE,False,,date stamp,mediocre
FI-0970-0750_cls1_0,,XXXX-XX-XXTXX:XX,,False,,date stamp,poor
FI-0970-0751_cls1_0,PARIS,1915-04-12T08:36,SEINE,False,,date stamp,mediocre
FI-0970-0752_cls1_0,,XXXX-XX-XXTXX:XX,MTHE ET MLLE,False,6E,date stamp,poor
FI-0970-0754_cls1_0,,1910-08-23T30:X5,MARNE,False,,date stamp,mediocre
FI-0970-0760_cls1_0,PARIS GARE,1912-01-26T18:XX,SEINE,False,,date stamp,mediocre
FI-0970-0761_cls1_0,,XXXX-XX-XXTXX:XX,,False,6-9,date stamp,poor
FI-0970-0762_cls1_0,CHALONS S/ MARNE,1913-08-08T18:18,MARNE,False,,date stamp,good
FI-0970-0765_cls1_0,,XXXX-XX-XXTXX:XX,,False,,date stamp,poor
FI-0970-0765_cls1_1,,XXXX-XX-XXTXX:XX,,True,,date stamp,poor
FI-0970-0768_cls1_0,CHALON/LEGRAND,1907-04-13T18:XX,MARNE,False,,date stamp,mediocre
FI-0970-0769_cls1_0,CHALONS S/ MARNE,1908-03-05T09:35,MARNE,False,,date stamp,mediocre
FI-0970-0771_cls1_0,GARENNE-COLOMBES,1914-08-21T22:30,SEINE,False,,date stamp,mediocre
FI-0970-0774_cls1_0,XXXXX-A-MARNE,1910-02-13T21:XX,MARNE,True,,date stamp,mediocre
FI-0970-0775_cls1_0,CHALONS-S-MARNE,1909-06-14T15:XX,MARNE,True,,date stamp,mediocre
FI-0970-0777_cls1_0,CHALONS S/ MARNE,XXXX-12-03T09:XX,MARNE,False,3E,date stamp,mediocre
FI-0970-0778_cls1_0,,XXXX-XX-XXTXX:XX,MARNE,False,,date stamp,poor
FI-0970-0778_cls1_1,,XXXX-XX-XXTXX:XX,,False,,date stamp,poor
FI-0970-0780_cls1_0,,XXXX-XX-XXTXX:XX,,False,,date stamp,poor
FI-0970-0781_cls1_0,MARNE,1921-11-02T05:58,MARNE,False,,date stamp,mediocre
FI-0970-0787_cls1_0,CHALONS-S-MARNE,1905-03-31T11:XX,MARNE,True,,date stamp,mediocre
FI-0970-0789_cls1_0,CHALONS-S-MARNE,1913-05-03T10:XX,MARNE,True,,date stamp,mediocre
FI-0970-0791_cls1_0,,XXXX-XX-XXTXX:XX,,False,,date stamp,poor
FI-0970-0792_cls1_0,CHALONS S/ MARNE - GARE,1911-06-21T22:50,MARNE,False,,date stamp,good
FI-0970-0795_cls1_0,REIMS,1923-10-01T20:XX,MARNE,False,,date stamp,mediocre
FI-0970-0796_cls1_0,CHALONS S/ MARNE,XXXX-XX-XXTXX:XX,MARNE,True,,date stamp,poor
FI-0970-0802_cls1_0,CHALONS-S-MARNE,1908-04-29TXX:XX,MARNE,False,,date stamp,mediocre
FI-0970-0802_cls1_1,,XXXX-XX-XXTXX:XX,,False,,date stamp,poor
FI-0970-0806_cls1_0,TROYES,1926-06-27T21:45,AUBE,False,,date stamp,mediocre
FI-0970-0808_cls1_0,CHALONS S/ MARNE,1913-10-31T10:25,MARNE,False,,date stamp,mediocre
FI-0970-0812_cls1_0,,1908-07-XXT10:XX,MARNE,True,,date stamp,mediocre
FI-0970-0816_cls1_0,,XXXX-XX-16T07:25,,False,,date stamp,poor
FI-0970-0817_cls1_0,CHALONS S/ MARNE,XXXX-07-XXT20:30,MARNE,False,,date stamp,poor
FI-0970-0818_cls1_0,CHALONS-S-MARNE,1905-09-29T17:55,MARNE,False,,date stamp,good
FI-0970-0823_cls1_0,,XXXX-XX-XXTXX:XX,,False,,,poor
FI-0970-0824_cls1_0,CHALONS-S-MARNE,1906-01-22T22:XX,MARNE,False,2E,date stamp,mediocre
FI-0970-0828_cls1_0,,XXXX-XX-XXTXX:XX,,False,,,poor
FI-0970-0828_cls1_1,,XXXX-XX-XXTXX:XX,,False,,,poor
FI-0970-0828_cls1_2,,XXXX-XX-XXTXX:XX,,False,,,poor
FI-0970-0832_cls1_0,,192X-05-XXT11:25,MTHE ET MLLE,False,,date stamp,mediocre
FI-0970-0833_cls1_0,,1903-10-10T22:XX,MARNE,True,,date stamp,mediocre
FI-0970-0833_cls1_1,,XXXX-XX-XXTXX:XX,,True,,date stamp,poor
FI-0970-0837_cls1_0,,1928-03-15TXX:XX,MARNE,False,,date stamp,poor
FI-0970-0840_cls1_0,CHALONS S/ MARNE,1913-12-13T15:55,MARNE,False,,date stamp,mediocre
FI-0970-0842_cls1_0,,XXXX-XX-XXTXX:XX,ARDENNES,False,,date stamp,poor
FI-0970-0842_cls1_1,,XXXX-XX-XXTXX:XX,,False,,date stamp,poor
FI-0970-0843_cls1_0,,XXXX-XX-XXTXX:XX,,False,,,poor
FI-0970-0853_cls1_0,CHALONS S/ MARNE,1908-07-15T14:XX,MARNE,False,,date stamp,mediocre
FI-0970-0854_cls1_0,S MARTHE-GARE,1915-07-28TXX:XX,,False,24,date stamp,mediocre
FI-0970-0855_cls1_0,,XXXX-XX-XXTXX:XX,,False,,,poor
FI-0970-0856_cls1_0,,19XX-03-XXTXX:XX,MARNE,False,,date stamp,poor
FI-0970-0857_cls1_0,EPERNAY,1907-07-23TXX:XX,MARNE,False,,date stamp,mediocre
FI-0970-0858_cls1_0,MAILLANE,1915-07-11T15:00,BOUCHES-DU-RHONE,False,,date stamp,mediocre
FI-0970-0862_cls1_0,,XXXX-XX-XXTXX:XX,AUBE,True,,date stamp,poor
FI-0970-0870_cls1_0,,1908-04-20T14:5X,,False,,date stamp,poor
FI-0970-0870_cls1_1,,XXXX-XX-XXT08:XX,MARNE,False,,date stamp,mediocre
FI-0970-0872_cls1_0,EPERNAY,XXXX-08-12TXX:XX,MARNE,False,,date stamp,mediocre
FI-0970-0873_cls1_0,,XXXX-XX-XXTXX:XX,,False,,date stamp,poor
FI-0970-0873_cls1_1,,XXXX-XX-XXTXX:XX,,False,,,poor
FI-0970-0873_cls1_2,,XXXX-XX-XXTXX:XX,,False,,,poor
FI-0970-0874_cls1_0,,1905-XX-XXTXX:50,,False,,date stamp,poor
FI-0970-0876_cls1_0,MONTMIRAIL,1908-05-26T07:45,MARNE,False,,date stamp,good
FI-0970-0880_cls1_0,CHALONS-S-MARNE,1907-07-27T20:XX,MARNE,True,,date stamp,mediocre
FI-0970-0881_cls1_0,,XXXX-XX-XXTXX:XX,,False,,date stamp,poor
FI-0970-0882_cls1_0,,X9XX-XX-XXTXX:XX,MARNE,False,,date stamp,poor
FI-0970-0883_cls1_0,,XXXX-XX-XXTXX:XX,,False,,date stamp,poor
FI-0970-0883_cls1_1,,XXXX-XX-XXTXX:XX,,False,,date stamp,poor
FI-0970-0884_cls1_0,,1937-08-20T15:45,MARNE,False,,date stamp,mediocre
FI-0970-0885_cls1_0,,XXXX-XX-XXTXX:XX,,False,,date stamp,poor
FI-0970-0890_cls1_0,VERDUN,1905-10-11T14:15,MEUSE,False,,date stamp,mediocre
FI-0970-0891_cls1_0,,XXXX-XX-XXTXX:XX,,False,,date stamp,poor
FI-0970-0893_cls1_0,,1905-10-25TXX:XX,,False,,date stamp,poor
FI-0970-0893_cls1_1,,XXXX-XX-XXTXX:XX,,False,,date stamp,poor
FI-0970-0893_cls1_2,,XXXX-XX-XXTXX:XX,,False,,date stamp,poor
FI-0970-0898_cls1_0,CHALONS S/ MARNE,1905-06-18TXX:XX,MARNE,False,10E,date stamp,poor
FI-0970-0926_cls1_0,BEAUTOR,XXXX-08-XXTXX:XX,ARDENNES,True,,date stamp,poor
FI-0970-0930_cls1_0,EPERNAY,1912-12-25T21:25,MARNE,False,,date stamp,good
FI-0970-0935_cls1_0,EPINAL,1910-05-14T15:XX,VOSGES,True,3E,date stamp,poor
FI-0970-0941_cls1_0,CHALONS S/ MARNE-ENTREPOT,1909-09-03TXX:XX,MARNE,True,,date stamp,good
FI-0970-0949_cls1_0,EPERNAY,1906-01-18TXX:25,MARNE,False,,date stamp,mediocre
FI-0970-0959_cls1_0,,XXXX-XX-XXTXX:XX,,False,,date stamp,poor
FI-0970-0962_cls1_0,REIMS,190X-06-16T12:15,MARNE,False,,date stamp,mediocre
FI-0970-0964_cls1_0,NANCY-GARE,1916-02-30TXX:XX,MTHE ET MLLE,False,,date stamp,mediocre
FI-0970-0966_cls1_0,,XXXX-08-24TXX:XX,,False,21E,date stamp,poor
FI-0970-0977_cls1_0,GARE DE CHALONS/ MARNE,1906-XX-12TXX:XX,MARNE,False,,date stamp,mediocre
FI-0970-0979_cls1_0,,XXXX-XX-XXTXX:XX,MARNE,False,,date stamp,poor
FI-0970-0986_cls1_0,MARNE,1923-06-27TXX:XX,MARNE,False,,date stamp,mediocre
FI-0970-0988_cls1_0,,XXXX-XX-XXTXX:XX,AUBE,False,,date stamp,poor
FI-0970-0997_cls1_0,,XXXX-XX-XXTXX:XX,MANCHE,False,,date stamp,poor
FI-0970-1006_cls1_0,CHALONS S MARNE,1908-02-21T22:30,MARNE,False,,date stamp,mediocre
FI-0970-1013_cls1_0,EPERNAY,1914-06-08T12:55,MARNE,False,,date stamp,mediocre
FI-0970-1014_cls1_0,GARE D'EPERNAY,1905-08-19T10:XX,MARNE,False,,date stamp,mediocre
FI-0970-1016_cls1_0,CHALONS S/ MARNE,1908-08-22T16:XX,MARNE,True,,date stamp,mediocre
FI-0970-1026_cls1_0,,XXXX-XX-XXTXX:XX,,False,,convoyeur line stamp,poor
FI-0970-1043_cls1_0,RENNES,1927-03-18T14:15,ILLE-et-VILAINE,False,,date stamp,mediocre
FI-0970-1044_cls1_0,,1912-11-05T18:XX,MARNE,True,,date stamp,mediocre
FI-0970-1044_cls1_1,,1912-11-05T13:XX,MARNE,True,,date stamp,mediocre
FI-0970-1045_cls1_0,,1943-08-25TXX:XX,MARNE,False,3E,date stamp,mediocre
FI-0970-1046_cls1_0,EPERNAY,1907-12-41T12:XX,MARNE,False,,date stamp,mediocre
FI-0970-1047_cls1_0,,XXXX-XX-XXTXX:XX,,False,,,poor
FI-0970-1047_cls1_1,,XXXX-XX-XXTXX:XX,,False,,,poor
FI-0970-1049_cls1_0,GARE D'EPERNAY,1909-08-06T11:36,MARNE,True,,date stamp,mediocre
FI-0970-1055_cls1_0,EPERNAY,1907-01-21T22:30,MARNE,False,,date stamp,good
FI-0970-1057_cls1_0,EPERNAY,1926-07-23TXX:XX,MARNE,True,,date stamp,mediocre
FI-0970-1064_cls1_0,EPINAL A THIONVILLE,1914-12-10T18:50,VOSGES,False,,date stamp,good
FI-0970-1071_cls1_0,,XXXX-07-24TXX:15,,False,,date stamp,mediocre
FI-0970-1077_cls1_0,,XXXX-XX-XXTXX:XX,,False,,date stamp,poor
FI-0970-1079_cls1_0,,XXXX-XX-XXTXX:XX,,False,,date stamp,poor
FI-0970-1082_cls1_0,,XXXX-XX-XXTXX:XX,,False,,,poor
FI-0970-1091_cls1_0,,XXXX-XX-XXTXX:XX,,False,,,poor
FI-0970-1092_cls1_0,EPINAL,1907-07-31T14:25,VOSGES,False,,date stamp,mediocre
FI-0970-1094_cls1_0,,XXXX-XX-XXTXX:XX,VOSGES,False,,date stamp,poor
FI-0970-1097_cls1_0,,XXXX-04-04TX1:21,,False,,date stamp,poor
FI-0970-1099_cls1_0,EPINAL,1941-XX-2XT13:50,VOSGES,False,,date stamp,poor
FI-0970-1099_cls1_1,,XXXX-XX-XXTXX:XX,,False,,date stamp,poor
FI-0970-1099_cls1_2,,XXXX-XX-XXTXX:XX,,False,,date stamp,poor
FI-0970-1100_cls1_0,,XXXX-XX-XXTXX:XX,,False,,,poor
FI-0970-1101_cls1_0,,1923-07-31T11:XX,AUBE,False,,date stamp,mediocre
FI-0970-1104_cls1_0,PARIS GARE,1905-05-30T08:50,,False,,date stamp,mediocre
FI-0970-1105_cls1_0,EPINAL,190X-08-XXT10:10,VOSGES,False,,date stamp,mediocre
FI-0970-1106_cls1_0,EPINAL,1909-08-18TXX:30,VOSGES,False,,date stamp,mediocre
FI-0970-1107_cls1_0,,XXXX-09-XXTXX:XX,,False,,date stamp,poor
FI-0970-1109_cls1_0,,XXXX-XX-XXTXX:XX,,False,,date stamp,poor
FI-0970-1110_cls1_0,,XXXX-XX-XXTXX:XX,,False,,,poor
FI-0970-1110_cls1_1,,XXXX-XX-XXTXX:XX,,False,,date stamp,poor
FI-0970-1110_cls1_2,,XXXX-XX-XXTXX:XX,,False,,,poor
FI-0970-1111_cls1_0,,1912-05-13T13:45,,False,,date stamp,poor
FI-0970-1112_cls1_0,,XXXX-08-27T10:35,VOSGES,False,,hexagonal date stamp,mediocre
FI-0970-1115_cls1_0,EPERNAY A CHALONS S/ MARNE,1918-08-17T15:XX,MARNE,False,,date stamp,poor
FI-0970-1115_cls1_1,,1926-08-30TXX:XX,MARNE,False,,date stamp,poor
FI-0970-1122_cls1_0,,XXXX-XX-XXTXX:XX,,False,,,poor
FI-0970-1126_cls1_0,GARE D'EPINAL,1906-05-28T16:35,VOSGES,False,,date stamp,mediocre
FI-0970-1130_cls1_0,SENONES,1929-02-24T18:XX,VOSGES,False,,date stamp,mediocre
FI-0970-1133_cls1_0,,1905-09-X5TXX:XX,VOSGES,False,5E,date stamp,poor
FI-0970-1149_cls1_0,CRAINCOURT,1914-04-09T08:XX,MOSELLE,False,,date stamp,mediocre
FI-0970-1150_cls1_0,EPINAL,1908-02-08T05:42,VOSGES,False,,date stamp,mediocre
FI-0970-1155_cls1_0,,1911-10-19TXX:XX,PAS-DE-C,False,5E,date stamp,mediocre
FI-0970-1157_cls1_0,NANCY GARE B.P.,1915-08-11T21:50,MTHE ET MLLE,False,,date stamp,mediocre
FI-0970-1160_cls1_0,,XXXX-XX-XXTXX:XX,,False,,date stamp,poor
FI-0970-1164_cls1_0,,XXXX-XX-XXTXX:XX,,False,,date stamp,poor
FI-0970-1164_cls1_1,,XXXX-XX-XXTXX:XX,,False,,,poor
FI-0970-1166_cls1_0,,XXXX-XX-XXTXX:XX,,False,,date stamp,poor
FI-0970-1167_cls1_0,EPINAL,1920-07-15T08:25,VOSGES,False,,date stamp,mediocre
FI-0970-1169_cls1_0,EPINAL,1910-08-30T07:20,VOSGES,False,,date stamp,mediocre
FI-0970-1169_cls1_1,,XXXX-XX-XXTXX:XX,,False,,date stamp,poor
FI-0970-1171_cls1_0,,1912-07-23T10:XX,VOSGES,False,,date stamp,mediocre
FI-0970-1175_cls1_0,COURVILLE S/EURE,1932-08-19T09:30,EURE ET LOIR,False,,date stamp,mediocre
FI-0970-1180_cls1_0,,XXXX-XX-XXTXX:XX,MARNE,False,,date stamp,poor
FI-0970-1180_cls1_1,,XXXX-XX-15T15:XX,,False,,date stamp,poor
FI-0970-1180_cls1_2,,XXXX-XX-XXTXX:XX,,False,,,poor
FI-0970-1180_cls1_3,NANGIS A PROVINS,XXXX-XX-15T15:1X,,False,,convoyeur line stamp,mediocre
FI-0970-1180_cls1_4,CHALONS S/ MARNE A VITRY LEBLANC,XXXX-08-XXT15:15,,False,,convoyeur line stamp,poor
FI-0970-1185_cls1_0,EPINAL,1920-01-08TXX:00,VOSGES,False,,date stamp,mediocre
FI-0970-1188_cls1_0,EPINAL,1906-07-30TXX:XX,VOSGES,False,2E,date stamp,mediocre
FI-0970-1192_cls1_0,EPINAL,1905-12-18T20:30,VOSGES,False,,date stamp,good
FI-0970-1196_cls1_0,EPINAL,1907-08-30T12:25,VOSGES,False,,date stamp,mediocre
FI-0970-1198_cls1_0,,XXXX-10-12TXX:30,ARDECHE,False,,date stamp,poor
FI-0970-1205_cls1_0,EPINAL,1913-07-03T12:XX,VOSGES,False,,date stamp,mediocre
FI-0970-1206_cls1_0,,XXXX-XX-XXTXX:XX,,False,,date stamp,poor
FI-0970-1212_cls1_0,EPINAL,1913-XX-02T12:XX,VOSGES,False,,date stamp,mediocre
FI-0970-1215_cls1_0,GARE D'EPINAL,191X-07-XXTXX:XX,VOSGES,False,,date stamp,poor
FI-0970-1217_cls1_0,,XXXX-XX-XXTXX:XX,VOSGES,False,,date stamp,poor
FI-0970-1229_cls1_0,SAINT-DIE,1919-09-X6TXX:XX,VOSGES,False,5E,date stamp,mediocre
FI-0970-1230_cls1_0,,XXXX-XX-XXTXX:XX,,False,,,poor
FI-0970-1231_cls1_0,EPINAL,1908-09-17T14:30,VOSGES,False,,date stamp,mediocre
FI-0970-1232_cls1_0,EPINAL,1910-05-05TXX:50,VOSGES,True,,date stamp,mediocre
FI-0970-1244_cls1_0,,1906-05-19TXX:X0,VOSGES,False,,date stamp,mediocre
FI-0970-1244_cls1_1,,1908-08-XXTXX:XX,,False,5,date stamp,poor
FI-0970-1247_cls1_0,,XXXX-XX-XXTXX:XX,,False,,date stamp,poor
FI-0970-1259_cls1_0,,XXXX-XX-XXTXX:XX,,False,,date stamp,poor
FI-0970-1269_cls1_0,,1913-XX-12T13:20,,False,,date stamp,poor
FI-0970-1283_cls1_0,EPINAL,1915-08-05T15:XX,VOSGES,True,,date stamp,mediocre
FI-0970-1284_cls1_0,LUNEVILLE,XXXX-XX-1XTXX:XX,,False,,date stamp,poor
FI-0970-1285_cls1_0,LA SCHLUCHT,1908-08-31TXX:31,VOSGES,False,,date stamp,mediocre
FI-0970-1296_cls1_0,,1911-08-02TXX:XX,CHARENTE,False,,date stamp,poor
FI-0970-1297_cls1_0,,1905-10-25T13:XX,MARNE,False,,date stamp,mediocre
FI-0970-1298_cls1_0,GERARDMER,1909-09-01TXX:21,VOSGES,True,,date stamp,mediocre
FI-0970-1305_cls1_0,,1911-07-06T14:20,MARNE,False,,date stamp,mediocre
FI-0970-1305_cls1_1,,XXXX-XX-XXTXX:XX,,False,,date stamp,poor
FI-0970-1309_cls1_0,,1920-08-17T14:XX,VOSGES,False,,date stamp,mediocre
FI-0970-1311_cls1_0,NANCY GARE,XXXX-04-22T12:30,MTHE ET MLLE,False,,date stamp,mediocre
FI-0970-1315_cls1_0,,XXXX-XX-XXTXX:XX,VOSGES,False,,date stamp,poor
FI-0970-1316_cls1_0,,XXXX-XX-XXTXX:XX,,False,,date stamp,poor
FI-0970-1322_cls1_0,,1915-08-13T10:15,,False,,date stamp,mediocre
FI-0970-1341_cls1_0,GERARDMER A LAVELINE,1905-04-12TXX:XX,,False,9E,convoyeur line stamp,mediocre
FI-0970-1342_cls1_0,BAR-LE-DUC,1909-04-X9TXX:XX,MEUSE,True,,date stamp,mediocre
FI-0970-1354_cls1_0,,1920-05-24TXX:25,VOSGES,False,,date stamp,mediocre
FI-0970-1355_cls1_0,,XXXX-XX-XXTXX:XX,,False,,date stamp,poor
FI-0970-1357_cls1_0,,1910-09-10T15:XX,MTHE ET MLLE,True,,date stamp,mediocre
FI-0970-1358_cls1_0,EPINAL,1903-XX-XXTXX:XX,VOSGES,False,,date stamp,mediocre
FI-0970-1358_cls1_1,,XXXX-XX-XXTXX:XX,,False,,date stamp,poor
FI-0970-1358_cls1_2,,1906-XX-XXT11:XX,MARNE,False,,date stamp,poor
FI-0970-1365_cls1_0,,XXXX-XX-XXTXX:XX,,False,,,poor
FI-0970-1369_cls1_0,,XXXX-XX-XXTXX:XX,,False,,,poor
FI-0970-1369_cls1_1,,XXXX-XX-02T07:XX,,False,,date stamp,poor
FI-0970-1372_cls1_0,DIE A EPINAL,1910-04-29TXX:XX,VOSGES,True,,date stamp,good
FI-0970-1373_cls1_0,REIMS,XXXX-XX-XXTXX:XX,MARNE,False,,date stamp,poor
FI-0970-1376_cls1_0,LUXEUIL,1910-XX-02T11:XX,HNE,False,,date stamp,mediocre
FI-0970-1377_cls1_0,,1918-07-14T12:XX,,False,1°,date stamp,mediocre
FI-0970-1382_cls1_0,,XXXX-XX-XXTXX:XX,,False,,date stamp,poor
FI-0970-1383_cls1_0,,XXXX-XX-XXTXX:XX,,False,,,poor
FI-0970-1389_cls1_0,,1913-07-31TXX:XX,MARNE,True,,date stamp,mediocre
FI-0970-1389_cls1_1,NANCY-GARE A GERARDMER,1910-04-14T12:XX,MTHE-ET-MLLE,False,6E,date stamp,mediocre
FI-0970-1399_cls1_0,GERARDMER,1912-07-06T11:50,VOSGES,False,,date stamp,good
FI-0970-1402_cls1_0,,XXXX-XX-XXTXX:XX,,False,,date stamp,poor
FI-0970-1403_cls1_0,VILLIERS-S-MARNE,1908-12-25TXX:XX,S-MARNE,False,1E,date stamp,mediocre
FI-0970-1409_cls1_0,GERARDMER,1904-06-28T09:50,VOSGES,False,,date stamp,mediocre
FI-0970-1412_cls1_0,EPERNAY,XXXX-06-XXT14:45,MARNE,False,,date stamp,mediocre
FI-0970-1412_cls1_1,,XXXX-XX-XXTXX:XX,,False,,date stamp,poor
FI-0970-1414_cls1_0,GERARDMER,1903-08-29TXX:XX,VOSGES,True,,date stamp,mediocre
FI-0970-1415_cls1_0,EPINAL,XXXX-XX-XXTXX:XX,VOSGES,True,,date stamp,poor
FI-0970-1423_cls1_0,PONT A MOUSSON,XXXX-XX-XXTXX:XX,MTHE ET MLLE,False,,date stamp,poor
FI-0970-1426_cls1_0,,190X-08-13TXX:XX,VOSGES,False,8E,date stamp,mediocre
FI-0970-1428_cls1_0,,XXXX-XX-XXTXX:XX,,True,,date stamp,poor
FI-0970-1430_cls1_0,,XXXX-XX-XXTXX:XX,,True,,date stamp,poor
FI-0970-1431_cls1_0,GERARDMER,1908-09-03TXX:XX,VOSGES,False,4E,date stamp,mediocre
FI-0970-1432_cls1_0,GARE DE MTHE ET MLLE,XXXX-08-03T19:XX,MEURTHE ET MOSELLE,False,,date stamp,mediocre
FI-0970-1435_cls1_0,EPINAL,1908-XX-25TXX:XX,VOSGES,True,,date stamp,mediocre
FI-0970-1438_cls1_0,,1907-05-08T15:10,,False,,date stamp,poor
FI-0970-1446_cls1_0,,1936-XX-04T13:XX,,True,,date stamp,poor
FI-0970-1447_cls1_0,,XXXX-XX-XXTXX:XX,,False,,date stamp,poor
FI-0970-1450_cls1_0,NANCY,1927-09-20TXX:XX,MTHE ET MLLE,False,,date stamp,mediocre
FI-0970-1461_cls1_0,EPINAL,1905-09-09T21:05,VOSGES,False,,date stamp,mediocre
FI-0970-1463_cls1_0,TROYES,1904-07-12TXX:XX,AUBE,False,11E,date stamp,mediocre
FI-0970-1464_cls1_0,GERARDMER,1906-07-11T10:XX,VOSGES,False,,date stamp,mediocre
FI-0970-1473_cls1_0,GERARDMER,1908-04-09T15:XX,VOSGES,False,,date stamp,mediocre
FI-0970-1474_cls1_0,PARIS,XXXX-XX-XXT00:55,PARIS,False,,date stamp,poor
FI-0970-1479_cls1_0,EPINAL,1918-11-02T12:25,VOSGES,False,,date stamp,mediocre
FI-0970-1481_cls1_0,GERARDMER,1907-08-X5TXX:XX,VOSGES,False,,date stamp,mediocre
FI-0970-1487_cls1_0,,1909-08-25T16:3X,VOSGES,False,18,date stamp,mediocre
FI-0970-1495_cls1_0,REIMS GARE,1905-XX-04TXX:XX,MARNE,True,,date stamp,poor
FI-0970-1496_cls1_0,,1905-XX-29TXX:XX,,False,,date stamp,poor
FI-0970-1497_cls1_0,,1918-05-XXTXX:XX,,False,,date stamp,poor
FI-0970-1500_cls1_0,STELINE,1909-XX-19TX9:XX,,True,,date stamp,poor
FI-0970-1501_cls1_0,GÉRARDMER,1928-XX-16T15:XX,VOSGES,True,,date stamp,mediocre
FI-0970-1506_cls1_0,,1918-03-01TXX:XX,,False,,date stamp,poor
FI-0970-1509_cls1_0,SOMMET DU BALLON D'ALSACE,1924-08-25TXX:XX,,True,,date stamp,mediocre
FI-0970-1511_cls1_0,,1907-07-20TXX:XX,MARNE,False,5E,date stamp,mediocre
FI-0970-1512_cls1_0,TOUL,1905-07-03T22:30,MTHE ET MLLE,False,,date stamp,mediocre
FI-0970-1513_cls1_0,LA SCHLUCHT,1907-08-20T24:10,VOSGES,False,,date stamp,mediocre
FI-0970-1514_cls1_0,LAVELINE D GERARDMER,XXXX-06-25T09:35,VOSGES,False,,date stamp,mediocre
FI-0970-1523_cls1_0,REVILLE,1907-04-16T22:45,MEUSE,False,,date stamp,good
FI-0970-1528_cls1_0,,1905-08-14TXX:XX,,False,,date stamp,poor
FI-0970-1530_cls1_0,GERARDMER,1913-08-30T21:30,VOSGES,False,,date stamp,mediocre
FI-0970-1532_cls1_0,BLAMONT,190X-XX-29TXX:XX,MTHE ET MLLE,False,5E,date stamp,mediocre
FI-0970-1537_cls1_0,,XXXX-XX-XXTXX:XX,,False,,date stamp,poor
FI-0970-1539_cls1_0,VALENCIENNES,1914-07-16TXX:XX,NORD,True,,date stamp,poor
FI-0970-1546_cls1_0,,XXXX-XX-XXTXX:XX,,False,,date stamp,poor
FI-0970-1554_cls1_0,,XXXX-XX-XXTXX:XX,,False,,,poor
FI-0970-1555_cls1_0,,1913-01-28TXX:XX,,False,,date stamp,mediocre
FI-0970-1560_cls1_0,,XXXX-XX-XXTXX:XX,,False,,,poor
FI-0970-1567_cls1_0,EXCIDEUIL,1911-07-20TXX:XX,DORDOGNE,False,,date stamp,mediocre
FI-0970-1571_cls1_0,,1920-XX-XXT08:XX,ALSACE,True,,date stamp,poor
FI-0970-1574_cls1_0,NANCY,1905-04-XXTXX:20,MTHE ET MLLE,False,,date stamp,poor
FI-0970-1575_cls1_0,LAVELINE B RUPT,1913-08-31T05:20,VOSGES,False,,date stamp,good
FI-0970-1576_cls1_0,,XXXX-XX-XXTXX:XX,VOSGES,False,,date stamp,poor
FI-0970-1584_cls1_0,,XXXX-XX-XXTXX:XX,,False,,date stamp,poor
FI-0970-1585_cls1_0,,XXXX-XX-XXTXX:XX,,False,,date stamp,poor
FI-0970-1586_cls1_0,LA SCHLUCHT,1904-09-05T21:10,VOSGES,False,,date stamp,good
FI-0970-1587_cls1_0,BUSSANG,1907-05-20TXX:XX,VOSGES,False,,date stamp,mediocre
FI-0970-1588_cls1_0,,XXXX-XX-XXTXX:XX,,False,,date stamp,poor
FI-0970-1588_cls1_1,,XXXX-XX-XXTXX:XX,,False,,,poor
FI-0970-1588_cls1_2,,XXXX-XX-XXTXX:XX,,False,,date stamp,poor
FI-0970-1593_cls1_0,,XXXX-XX-XXTXX:XX,,False,,date stamp,poor
FI-0970-1594_cls1_0,,1907-09-12T11:25,,False,,date stamp,mediocre
FI-0970-1595_cls1_0,EPARGNES,1927-08-30TXX:XX,CHARENTE INFRIEUR,False,1E,date stamp,mediocre
FI-0970-1609_cls1_0,,XXXX-XX-XXTXX:XX,,False,,date stamp,poor
FI-0970-1611_cls1_0,BAINS LES BAINS,1904-06-21T23:30,VOSGES,False,,date stamp,mediocre
FI-0970-1613_cls1_0,MIRECOURT R. D'EPINAL,1912-06-7XT10:XX,VOSGES,False,,date stamp,mediocre
FI-0970-1614_cls1_0,,XXXX-XX-XXTXX:XX,,False,,hexagonal date stamp,poor
FI-0970-1620_cls1_0,LOUVRES,XXXX-XX-XXTXX:XX,,False,,date stamp,poor
FI-0970-1623_cls1_0,PLOMBIERES LES BAINS,1907-07-13T14:35,VOSGES,False,,date stamp,good
FI-0970-1626_cls1_0,,XXXX-XX-XXTXX:XX,,False,,date stamp,poor
FI-0970-1627_cls1_0,,1907-07-29T16:XX,VOSGES,False,,date stamp,mediocre
FI-0970-1634_cls1_0,,XXXX-XX-XXTXX:XX,,False,,date stamp,poor
FI-0970-1642_cls1_0,,XXXX-XX-XXTXX:XX,,False,,date stamp,poor
FI-0970-1643_cls1_0,CONTREXEVILLE S/BAINS,1907-08-06T18:55,VOSGES,False,,date stamp,mediocre
FI-0970-1647_cls1_0,PLOMBIERES LES BAINS,1904-05-22TXX:XX,VOSGES,True,,date stamp,mediocre
FI-0970-1649_cls1_0,PLOMBIERES LES BAINS,1907-07-13T14:35,VOSGES,False,,date stamp,good
FI-0970-1651_cls1_0,PARIS BANLIEUE,1921-03-18T7:16,,False,,date stamp,mediocre
FI-0970-1662_cls1_0,,XXXX-XX-XXTXX:XX,,False,,date stamp,poor
FI-0970-1663_cls1_0,,1907-08-07T14:25,MEURTHE ET MOSELLE,False,,date stamp,mediocre
FI-0970-1664_cls1_0,,XXXX-XX-XXTXX:XX,,False,,,poor
FI-0970-1664_cls1_1,,XXXX-XX-XXTXX:XX,,False,,,poor
FI-0970-1666_cls1_0,,XXXX-XX-XXTXX:XX,,False,,date stamp,poor
FI-0970-1668_cls1_0,PLOMB/CLES LES BAINS,1913-04-15T16:40,VOSGES,False,,date stamp,mediocre
FI-0970-1670_cls1_0,GARE D'EPINAL,1926-XX-18TXX:XX,,False,,date stamp,mediocre
FI-0970-1674_cls1_0,ST FLORENT SUR CHER A ISSOUDUN,1911-XX-29T11:55,,False,,convoyeur line stamp,mediocre
FI-0970-1677_cls1_0,,XXXX-XX-XXTXX:XX,,False,,,poor
FI-0970-1680_cls1_0,,1905-07-14TXX:XX,VOSGES,False,,date stamp,mediocre
FI-0970-1681_cls1_0,,XXXX-XX-22TXX:XX,VOSGES,True,,date stamp,poor
FI-0970-1682_cls1_0,POIX XXXXXX,1916-XX-14TXX:XX,SOMME,False,2E,date stamp,mediocre
FI-0970-1684_cls1_0,,XXXX-XX-07TXX:XX,,False,5E,date stamp,poor
FI-0970-1688_cls1_0,EPINAL,1908-06-18TXX:XX,VOSGES,False,1E,date stamp,mediocre
FI-0970-1695_cls1_0,,XXXX-XX-XXTXX:XX,,False,,,poor
FI-0970-1697_cls1_0,BAR-LE-DUC,XXXX-06-23T18:10,MEUSE,False,,date stamp,poor
FI-0970-1698_cls1_0,PLOMBIERES-LES-BAINS,1905-08-12T18:55,VOSGES,False,,date stamp,good
FI-0970-1703_cls1_0,PARIS,XXXX-XX-XXTXX:XX,SEINE,False,,date stamp,poor
FI-0970-1705_cls1_0,CONTREXEVILLE,1918-08-25TXX:XX,VOSGES,False,3E,date stamp,mediocre
FI-0970-1708_cls1_0,,XXXX-XX-XXTXX:XX,,False,,date stamp,poor
FI-0970-1714_cls1_0,,1910-XX-14TXX:XX,MARNE,False,,date stamp,poor
FI-0970-1716_cls1_0,OLIVETTE-LA GARENNE,XXXX-XX-XXTXX:XX,SEINE,False,,date stamp,poor
FI-0970-1717_cls1_0,LAURICES-HAEGER,XXXX-09-13T11:35,,False,,date stamp,mediocre
FI-0970-1719_cls1_0,,1918-09-14T21:XX,MARNE,True,,date stamp,mediocre
FI-0970-1721_cls1_0,CHALONS S M,1913-08-03T10:XX,MARNE,False,,date stamp,mediocre
FI-0970-1721_cls1_1,PRÉNÈS SOUS MONTIGNY,1915-09-08T15:XX,YONNE,False,,date stamp,mediocre
FI-0970-1724_cls1_0,,XXXX-XX-XXTXX:XX,,False,,date stamp,poor
FI-0970-1730_cls1_0,PROVENCHERES-S/S ARGONNE,1906-08-27T09:35,MARNE,False,,date stamp,mediocre
FI-0970-1730_cls1_1,,XXXX-XX-XXTXX:XX,,False,,convoyeur line stamp,poor
FI-0970-1735_cls1_0,,XXXX-XX-XXTXX:XX,,False,,date stamp,poor
FI-0970-1741_cls1_0,,XXXX-XX-XXTXX:XX,,False,,date stamp,poor
FI-0970-1751_cls1_0,,XXXX-XX-XXTXX:XX,,False,,date stamp,poor
FI-0970-1754_cls1_0,,XXXX-XX-XXTXX:XX,,False,,date stamp,poor
FI-0970-1755_cls1_0,,XXXX-XX-XXTXX:XX,,False,,date stamp,poor
FI-0970-1760_cls1_0,,1908-XX-10TXX:XX,,False,,date stamp,poor
FI-0970-1761_cls1_0,,192X-10-20T15:30,,False,,date stamp,mediocre
FI-0970-1763_cls1_0,,XXXX-XX-XXTXX:XX,,False,,,poor
FI-0970-1764_cls1_0,NANCY-GARE,XXXX-XX-05TXX:XX,MTHE ET MLLE,False,,date stamp,mediocre
FI-0970-1775_cls1_0,,XXXX-XX-XXTXX:25,,True,,date stamp,poor
FI-0970-1775_cls1_1,,XXXX-XX-XXTXX:XX,,False,,,poor
FI-0970-1775_cls1_2,GARE VITTEL,XXXX-XX-XXTXX:XX,VOSGES,False,,convoyeur line stamp,poor
FI-0970-1777_cls1_0,A LANGRES,1907-06-17TXX:XX,,False,24,convoyeur line stamp,poor
FI-0970-1778_cls1_0,,XXXX-XX-XXTXX:XX,,False,,date stamp,poor
FI-0970-1781_cls1_0,,XXXX-XX-XXTXX:XX,,False,,date stamp,poor
FI-0970-1782_cls1_0,NANCY,1907-07-21TXX:XX,MTHE ET MLLE,False,,date stamp,mediocre
FI-0970-1783_cls1_0,ST GENGOULF,1912-11-01T10:XX,MARNE,False,,convoyeur line stamp,mediocre
FI-0970-1790_cls1_0,NICE,1907-06-23TXX:XX,ALPES MARITIMES,True,,date stamp,mediocre
FI-0970-1793_cls1_0,,1907-XX-13TXX:XX,VOSGES,False,,date stamp,mediocre
FI-0970-1795_cls1_0,GARE D EPERNAY,1908-05-10T17:XX,MARNE,False,,date stamp,mediocre
FI-0970-1810_cls1_0,,XXXX-XX-XXTXX:XX,,False,,date stamp,poor
FI-0970-1814_cls1_0,,XXXX-XX-XXTXX:XX,,False,,date stamp,poor
FI-0970-1824_cls1_0,,XXXX-XX-XXTXX:56,HAUTE MARNE,False,5E,date stamp,poor
FI-0970-1827_cls1_0,,XXXX-XX-XXTXX:XX,,False,,date stamp,poor
FI-0970-1831_cls1_0,,XXXX-XX-XXTXX:XX,,False,,,poor
FI-0970-1845_cls1_0,,XXXX-XX-XXTXX:XX,,False,,date stamp,poor
FI-0970-1848_cls1_0,,XXXX-XX-XXTXX:XX,,False,,date stamp,poor
FI-0970-1874_cls1_0,,XXXX-XX-XXTXX:XX,,False,,,poor
FI-0970-1880_cls1_0,,1911-XX-14T18:3X,MARNE,False,,date stamp,poor
FI-0970-1884_cls1_0,RAILHISSEN,1908-07-10T08:6X,ALSACE (GER),False,,date stamp,mediocre
FI-0970-1890_cls1_0,BAR LE DUC,XXXX-08-14TXX:XX,MEUSE,False,6E,date stamp,mediocre
FI-0970-1896_cls1_0,,XXXX-XX-XXTXX:XX,,False,,date stamp,poor
FI-0970-1898_cls1_0,,XXXX-XX-XXTXX:XX,,False,,,poor
FI-0970-1910_cls1_0,,XXXX-XX-XXTXX:XX,,False,,date stamp,poor
FI-0970-1915_cls1_0,,1908-10-06TXX:XX,VOSGES,False,NL-9,date stamp,mediocre
FI-0970-1915_cls1_1,,XXXX-XX-XXTXX:XX,,False,,,poor
FI-0970-1916_cls1_0,MULHOUSE RR,1920-04-XXT17:XX,HAUT RHIN,False,,date stamp,mediocre
FI-0970-1919_cls1_0,,XXXX-XX-XXTXX:XX,,False,,,poor
FI-0970-1923_cls1_0,,XXXX-XX-XXTXX:XX,,False,,date stamp,poor
FI-0970-1943_cls1_0,,1920-06-25T09:XX,,False,,date stamp,poor
FI-0970-1949_cls1_0,REIMS,1901-12-25TXX:XX,MARNE,False,,date stamp,mediocre
FI-0970-1957_cls1_0,MULHOUSE,1908-07-16T09:XX,H-T RHIN,True,,date stamp,mediocre
FI-0970-1958_cls1_0,,XXXX-XX-XXTXX:XX,MTHE ET MLLE,True,,date stamp,poor
FI-0970-1962_cls1_0,,1931-10-XXTXX:XX,,False,29.9,date stamp,poor
FI-0970-1968_cls1_0,,XXXX-XX-XXTXX:XX,,False,,date stamp,poor
FI-0970-1971_cls1_0,,XXXX-XX-XXTXX:XX,,False,,,poor
FI-0970-1985_cls1_0,,XXXX-XX-XXTXX:XX,,False,,date stamp,poor
FI-0970-1985_cls1_1,,XXXX-XX-XXTXX:XX,,False,,,poor
FI-0970-2004_cls1_0,,XXXX-XX-XXTXX:XX,,False,9E,date stamp,poor
FI-0970-2015_cls1_0,MULHOUSE,1925-08-XXT14:30,,False,,date stamp,mediocre
FI-0970-2020_cls1_0,GERARDMER,1905-08-28TXX:XX,VOSGES,True,,date stamp,mediocre
FI-0970-2024_cls1_0,,XXXX-09-19TXX:XX,,False,,date stamp,poor
FI-0970-2032_cls1_0,,19XX-10-05TXX:XX,,False,5E,date stamp,poor
FI-0970-2053_cls1_0,POSTE AUX ARMEES,1918-02-14TXX:XX,,True,,date stamp,good
FI-0970-2055_cls1_0,MULHOUSE,1922-01-05T13:XX,HAUT RHIN,True,,date stamp,mediocre
FI-0970-2075_cls1_0,,XXXX-XX-XXTXX:XX,,False,,date stamp,poor
FI-0970-2091_cls1_0,,XXXX-XX-8XT5:XX,,False,,date stamp,poor
FI-0970-2109_cls1_0,,XXXX-XX-XXTXX:XX,,False,,date stamp,poor
FI-0970-2110_cls1_0,,XXXX-XX-XXTXX:XX,,False,,,poor
FI-0970-2116_cls1_0,,XXXX-XX-XXTXX:XX,,False,,date stamp,poor
FI-0970-2128_cls1_0,,XXXX-XX-XXTXX:XX,,False,,date stamp,poor
FI-0970-2129_cls1_0,,XXXX-XX-XXTXX:XX,,False,,,poor
FI-0970-2151_cls1_0,,XXXX-XX-XXTXX:XX,,False,,convoyeur line stamp,poor
FI-0970-2158_cls1_0,,XXXX-XX-XXTXX:XX,,False,,date stamp,poor
FI-0970-2177_cls1_0,,XXXX-XX-01TXX:XX,,False,,date stamp,poor
FI-0970-2181_cls1_0,CHALON S/ SAONE,1902-04-26T11:12,SAONE-ET-LOIRE,False,,date stamp,mediocre
FI-0970-2195_cls1_0,,1913-07-XXTXX:XX,MARNE,False,,date stamp,mediocre
FI-0970-2205_cls1_0,METZ,1909-05-08TXX:XX,MOSELLE,False,6E,date stamp,mediocre
FI-0970-2205_cls1_1,NANCY-GARE,1906-XX-14T08:XX,MOSELLE ET RHIN,True,,date stamp,mediocre
FI-0970-2209_cls1_0,,XXXX-XX-XXTXX:XX,,False,,,poor
FI-0970-2213_cls1_0,TROYES GARE,XXXX-XX-XXTXX:XX,AUBE,False,,date stamp,poor
FI-0970-2247_cls1_0,,XXXX-XX-XXTXX:XX,,False,,date stamp,poor
FI-0970-2247_cls1_1,,1900-XX-XXTXX:XX,,True,,date stamp,poor
FI-0970-2250_cls1_0,SAINT-DIE,1912-08-05TXX:XX,HAUT-RHIN,False,5E,date stamp,mediocre
FI-0970-2253_cls1_0,,XXXX-XX-XXTXX:XX,,False,,,poor
FI-0970-2257_cls1_0,SAVERNE,XXXX-XX-18T10:XX,,False,,date stamp,mediocre
FI-0970-2282_cls1_0,,XXXX-XX-XXTXX:XX,,False,,,poor
FI-0970-2292_cls1_0,SAVERNE,1908-08-24T12:16,BAS-RHIN,False,,date stamp,mediocre
FI-0970-2307_cls1_0,SAVERNE,1929-11-30T08:20,BAS RHIN,False,,date stamp,poor
FI-0970-2314_cls1_0,LAVERNE,XXXX-08-XXTXX:XX,MTHE ET MLLE,False,,date stamp,mediocre
FI-0970-2324_cls1_0,,XXXX-07-8XTXX:XX,,False,,date stamp,poor
FI-0970-2337_cls1_0,SAVIGN,192X-08-24T18:23,MARNE,False,,date stamp,mediocre
FI-0970-2341_cls1_0,,XXXX-XX-XXTXX:XX,,False,,date stamp,poor
FI-0970-2343_cls1_0,,XXXX-XX-XXTXX:XX,,False,,date stamp,poor
FI-0970-2347_cls1_0,,19XX-07-27T17:30,MARNE,False,,date stamp,mediocre
FI-0970-2348_cls1_0,,10XX-05-04T14:00,,False,,hexagonal date stamp,poor
FI-0970-2348_cls1_1,,XXXX-XX-XXTXX:XX,,False,,date stamp,poor
FI-0970-2355_cls1_0,,XXXX-XX-XXTXX:XX,,False,,date stamp,poor
FI-0970-2359_cls1_0,,1906-11-XXTXX:XX,AUBE,True,,date stamp,poor
FI-0970-2360_cls1_0,TROYES,1905-08-22T22:XX,AUBE,True,,date stamp,mediocre
FI-0970-2361_cls1_0,NOGENT S/ SEINE,192X-0X-1XT18:XX,AUBE,True,,date stamp,mediocre
FI-0970-2363_cls1_0,,1925-XX-1XTXX:XX,,False,,date stamp,poor
FI-0970-2366_cls1_0,ARCIS-S-AUBE,1912-07-03T08:40,SEINE-ET-MARNE,False,,date stamp,mediocre
FI-0970-2367_cls1_0,,XXXX-XX-XXTXX:XX,,False,,date stamp,poor
FI-0970-2368_cls1_0,TROYES,1905-06-17T09:10,AUBE,False,,date stamp,mediocre
FI-0970-2370_cls1_0,TROYES-GARE,1905-05-28TXX:XX,AUBE,True,,date stamp,mediocre
FI-0970-2372_cls1_0,TROYES A ST FLORENTIN,1907-02-24T1X:XX,,True,,convoyeur line stamp,mediocre
FI-0970-2375_cls1_0,,1908-08-15TXX:XX,AUBE,True,,date stamp,mediocre
FI-0970-2385_cls1_0,,XXXX-XX-XXTXX:XX,,False,,date stamp,poor
FI-0970-2388_cls1_0,TROYES,1907-07-14T08:10,AUBE,False,,date stamp,good
FI-0970-2389_cls1_0,GUEUX,1908-08-14TXX:XX,MARNE,True,,date stamp,mediocre
FI-0970-2392_cls1_0,,1929-XX-25TXX:XX,HAUT RHIN,False,1E,date stamp,mediocre
FI-0970-2394_cls1_0,,1921-09-02T10:XX,MARNE,False,,date stamp,mediocre
FI-0970-2398_cls1_0,TROYES,1909-08-11T17:45,AUBE,False,,date stamp,mediocre
FI-0970-2403_cls1_0,TROYES,1907-07-28T17:XX,AUBE,False,,date stamp,mediocre
FI-0970-2407_cls1_0,,XXXX-XX-XXTXX:XX,,False,,date stamp,poor
FI-0970-2408_cls1_0,,XXXX-02-15TXX:10,,False,,date stamp,poor
FI-0970-2409_cls1_0,,XX16-03TXX:XX,AUBE,False,,date stamp,poor
FI-0970-2410_cls1_0,TROYES,1916-09-13T18:XX,AUBE,True,,date stamp,mediocre
FI-0970-2414_cls1_0,TROYES GARE,1914-08-28T23:30,AUBE,False,,date stamp,mediocre
FI-0970-2419_cls1_0,TROYES,1925-XX-XXT21:45,AUBE,False,,date stamp,mediocre
FI-0970-2420_cls1_0,TROYES GARE,1908-12-25TXX:XX,AUBE,False,,date stamp,mediocre
FI-0970-2423_cls1_0,,XXXX-XX-XXTXX:XX,,False,,,poor
FI-0970-2425_cls1_0,,1908-05-22T05:25,AUBE,False,,date stamp,mediocre
FI-0970-2430_cls1_0,TROYES,1908-04-17T07:30,AUBE,False,,date stamp,mediocre
FI-0970-2433_cls1_0,,XXXX-06-13TXX:XX,,False,,date stamp,poor
FI-0970-2434_cls1_0,MARLE,XXXX-XX-1XT15:15,AISNE,False,,date stamp,poor
FI-0970-2434_cls1_1,RHITEL,XXXX-XX-30T13:XX,,False,,date stamp,mediocre
FI-0970-2437_cls1_0,,1918-07-14T20:30,AUBE,False,,date stamp,mediocre
FI-0970-2439_cls1_0,TROYES,XXXX-XX-XXT17:45,AUBE,False,,date stamp,mediocre
FI-0970-2444_cls1_0,LA NEUVEVILLE LES RAINE,1908-08-02T14:45,MARNE,False,,date stamp,mediocre
FI-0970-2444_cls1_1,ST REMY EN VELIERES,1908-06-01T14:45,MARNE,False,,date stamp,mediocre
FI-0970-2449_cls1_0,,1908-04-17TXX:XX,,True,,date stamp,poor
FI-0970-2452_cls1_0,,19XX-05-1XT1X:10,,False,,date stamp,poor
FI-0970-2456_cls1_0,TROYES-GARE,1911-08-23T22:XX,AUBE,True,,date stamp,mediocre
FI-0970-2457_cls1_0,GARE DE TROYES,1908-06-07T14:25,AUBE,False,,date stamp,mediocre
FI-0970-2458_cls1_0,,XXXX-XX-XXTXX:XX,,False,,date stamp,poor
FI-0970-2461_cls1_0,ST MAX S/MEURTHE,1905-XX-12TXX:XX,MTHE ET MLLE,False,5E,date stamp,mediocre
FI-0970-2462_cls1_0,,1907-08-13T13:00,AUBE,True,,date stamp,mediocre
FI-0970-2468_cls1_0,,XXXX-XX-XXTXX:XX,,False,,date stamp,poor
FI-0970-2470_cls1_0,GARE D'EPERNAY,1908-09-06T09:XX,MARNE,False,,date stamp,mediocre
FI-0970-2472_cls1_0,TROYES-GARE,1921-07-26T25:XX,AUBE,True,,date stamp,mediocre
FI-0970-2473_cls1_0,,XXXX-XX-XXTXX:XX,,False,,,poor
FI-0970-2474_cls1_0,REIMS,1925-03-24TXX:XX,MARNE,False,11E,date stamp,mediocre
FI-0970-2476_cls1_0,,XXXX-XX-XXTXX:XX,,False,,,poor
FI-0970-2477_cls1_0,,XXXX-XX-XXTXX:XX,,False,,date stamp,poor
FI-0970-2478_cls1_0,TROYES GARE,1906-08-12TXX:XX,AUBE,True,,date stamp,mediocre
FI-0970-2485_cls1_0,REIMS A CHALONS S/ MARNE,1907-09-XXTXX:XX,MARNE,True,,date stamp,poor
FI-0970-2487_cls1_0,PARIS GARE,1905-08-05T09:25,S-ET-O,False,,date stamp,mediocre
FI-0970-2487_cls1_1,TROYES GARE,XXXX-XX-10T10:25,AUBE,False,,date stamp,mediocre
FI-0970-2490_cls1_0,,XXXX-XX-XXTXX:XX,,False,,date stamp,poor
FI-0970-2492_cls1_0,,1908-08-28TXX:XX,MARNE,False,,date stamp,mediocre
FI-0970-2493_cls1_0,,XXXX-XX-XXTXX:XX,,False,,convoyeur line stamp,poor
FI-0970-2494_cls1_0,TROYES,1907-07-14T18:45,AUBE,False,,date stamp,mediocre
FI-0970-2497_cls1_0,,XXXX-XX-XXTXX:XX,,False,,,poor
FI-0970-2498_cls1_0,X,1913-08-28T18:XX,MARNE,True,,date stamp,mediocre
FI-0970-2499_cls1_0,,19XX-XX-XXT12:XX,,False,,date stamp,poor
FI-0970-2500_cls1_0,TROYES,1913-08-15T21:XX,AUBE,True,,date stamp,good
FI-0970-2503_cls1_0,,XXXX-XX-XXTXX:XX,,False,,date stamp,poor
FI-0970-2503_cls1_1,,XXXX-XX-XXTXX:XX,,False,,date stamp,poor
FI-0970-2503_cls1_2,,XXXX-XX-XXTXX:XX,,True,,date stamp,poor
FI-0970-2505_cls1_0,,192X-04-XXTXX:XX,CHARENTE,True,,date stamp,poor
FI-0970-2520_cls1_0,TROYES,1916-02-08T14:10,AUBE,False,,date stamp,good
FI-0970-2520_cls1_1,,XXXX-XX-XXTXX:XX,,False,,date stamp,poor
FI-0970-2523_cls1_0,,XXXX-XX-XXTXX:XX,,False,,date stamp,poor
FI-0970-2525_cls1_0,GARE DE TROYES,1906-09-07T18:30,AUBE,False,,date stamp,mediocre
FI-0970-2534_cls1_0,TROYES,XXXX-XX-XXTXX:XX,AUBE,False,,date stamp,mediocre
FI-0970-2540_cls1_0,,1905-03-03TXX:XX,AUBE,False,8E,date stamp,mediocre
FI-0970-2541_cls1_0,,XXXX-XX-XXTXX:XX,,False,,date stamp,poor
FI-0970-2542_cls1_0,TROYES,XXXX-XX-XXTXX:XX,AUBE,False,,date stamp,poor
FI-0970-2544_cls1_0,TROYES,1923-05-28TXX:XX,AUBE,True,,date stamp,mediocre
FI-0970-2545_cls1_0,CHALONS-S-MARNE,1907-10-27T21:20,MARNE,False,,date stamp,mediocre
FI-0970-2548_cls1_0,TROYES GARE,1906-06-14T15:25,AUBE,False,,date stamp,mediocre
FI-0970-2548_cls1_1,TROYES GARE,1916-08-26T10:30,AUBE,False,,date stamp,mediocre
FI-0970-2549_cls1_0,CHARTRETTES,1914-00-10T8X:XX,S ET M,False,,date stamp,mediocre
FI-0970-2553_cls1_0,,1908-XX-XXTXX:XX,,False,,date stamp,poor
FI-0970-2555_cls1_0,,1908-12-30TXX:XX,BELFORT,False,,date stamp,mediocre
FI-0970-2559_cls1_0,,XXXX-XX-XXTXX:XX,,False,,date stamp,poor
FI-0970-2560_cls1_0,,1907-08-23T18:40,AUBE,False,1E,date stamp,mediocre
FI-0970-2560_cls1_1,,XXXX-08-23T14:10,,False,,date stamp,poor
FI-0970-2561_cls1_0,,1923-XX-9XT1:20,AUBE,False,,date stamp,mediocre
FI-0970-2562_cls1_0,CHALON S/GARE,1903-03-17T10:3X,MARNE,False,,date stamp,mediocre
FI-0970-2571_cls1_0,REIMS,XXXX-09-19TXX:XX,MARNE,False,,date stamp,mediocre
FI-0970-2575_cls1_0,MONTIER-EN-DER,1906-08-20T12:20,MARNE,False,,date stamp,mediocre
FI-0970-2580_cls1_0,,XXXX-XX-13TXX:28,,False,,date stamp,poor
FI-0970-2585_cls1_0,,1921-01-1XT14:XX,MARNE,True,,date stamp,mediocre
FI-0970-2586_cls1_0,BOURBONNE-LES-BAINS,1908-06-06T20:15,Hte-Marne,False,,date stamp,mediocre
FI-0970-2587_cls1_0,NANCY,XXXX-XX-XXTXX:XX,,False,,date stamp,poor
FI-0970-2589_cls1_0,VERDUN,1937-04-10T23:20,MARNE,False,,date stamp,mediocre
FI-0970-2591_cls1_0,,190X-09-13TXX:XX,MARNE,False,,date stamp,mediocre
FI-0970-2597_cls1_0,SEROUVILLE,1912-10-17T15:45,MARNE,False,,date stamp,mediocre
FI-0970-2598_cls1_0,CHALINDREY GARE,1908-09-26T07:10,HLE MARNE,False,,date stamp,good
FI-0970-2599_cls1_0,VIEVILLE,1910-06-14T20:10,HAUTE-MARNE,False,,date stamp,good
FI-0970-2602_cls1_0,CHAUMONT,1910-08-25T18:12,MARNE,False,,date stamp,mediocre
FI-0970-2602_cls1_1,,XXXX-XX-XXTXX:XX,,False,,date stamp,poor
FI-0970-2603_cls1_0,COURLANDON,1907-05-20TXX:XX,MARNE,True,,date stamp,poor
FI-0970-2608_cls1_0,PARIS,1915-06-02T15:XX,,False,,date stamp,mediocre
FI-0970-2611_cls1_0,,1905-10-13TXX:XX,MARNE,False,5E,date stamp,mediocre
FI-0970-2613_cls1_0,,1905-04-17TXX:XX,,False,,date stamp,mediocre
FI-0970-2615_cls1_0,,1907-08-XXTXX:XX,,False,,date stamp,poor
FI-0970-2615_cls1_1,,XXXX-XX-XXTXX:XX,,False,,date stamp,poor
FI-0970-2616_cls1_0,LANGRES GARE,1905-07-19T20:20,HAUTE MARNE,False,,date stamp,good
FI-0970-2626_cls1_0,,XXXX-XX-XXTXX:XX,,False,,,poor
FI-0970-2626_cls1_1,,19XX-XX-XXTXX:XX,,False,,date stamp,poor
FI-0970-2631_cls1_0,VICHY,1913-09-06T23:25,ALLIER,False,,date stamp,mediocre
FI-0970-2634_cls1_0,,XXXX-XX-XXTXX:XX,,False,,date stamp,poor
FI-0970-2634_cls1_1,,XXXX-XX-XXTXX:XX,,False,,date stamp,poor
FI-0970-2667_cls1_0,,XXXX-XX-XXTXX:XX,,False,,date stamp,poor
FI-0970-2668_cls1_0,,1908-08-XXT14:XX,,False,,date stamp,poor
FI-0970-2670_cls1_0,,190X-01-1XTXX:18,,False,,date stamp,poor
FI-0970-2671_cls1_0,TROYES,1905-10-14TXX:XX,AUBE,False,,date stamp,mediocre
FI-0970-2672_cls1_0,TROYES,1911-08-16T10:25,AUBE,False,,date stamp,good
FI-0970-2673_cls1_0,,XXXX-XX-XXTXX:XX,AUBE,False,,date stamp,poor
FI-0970-2675_cls1_0,,XXXX-XX-XXTXX:XX,,False,,date stamp,poor
FI-0970-2677_cls1_0,,1912-08-23T13:05,,False,,date stamp,mediocre
FI-0970-2679_cls1_0,TROYES,1906-09-17TXX:XX,AUBE,False,8E,date stamp,mediocre
FI-0970-2684_cls1_0,,XXXX-XX-XXTXX:XX,,False,,date stamp,poor
FI-0970-2686_cls1_0,,1905-XX-12T09:35,,False,,date stamp,mediocre
FI-0970-2686_cls1_1,TROYES,1920-04-14T16:10,AUBE,False,,date stamp,mediocre
FI-0970-2688_cls1_0,,1906-XX-2XTXX:XX,AUBE,False,,date stamp,poor
FI-0970-2690_cls1_0,,XXXX-05-25TXX:XX,,True,,date stamp,poor
FI-0970-2775_cls1_0,COISELLE,1908-09-10T10:XX,S.-ET-O.,True,,date stamp,mediocre
FI-0970-2776_cls1_0,,1915-04-26T20:XX,COTE-D'OR,True,,date stamp,mediocre
FI-0970-2780_cls1_0,,1915-01-01TXX:XX,,False,60,date stamp,poor
FI-0970-2788_cls1_0,,190X-12-02TXX:XX,,False,,date stamp,poor
FI-0970-2789_cls1_0,,1908-XX-15TXX:XX,,False,,date stamp,poor
FI-0970-2791_cls1_0,BEAUNE,1907-08-03T08:XX,COTE-D'OR,False,,date stamp,mediocre
FI-0970-2795_cls1_0,,19XX-XX-XXTXX:XX,,False,,date stamp,poor
FI-0970-2796_cls1_0,PARIS 12,1905-11-05TXX:XX,,False,5E,date stamp,mediocre
FI-0970-2796_cls1_1,,1906-XX-02T05:XX,,True,,date stamp,mediocre
FI-0970-2804_cls1_0,,1905-12-28TXX:XX,VOSGES,False,,date stamp,mediocre
FI-0970-2809_cls1_0,??,1912-01-07T14:5X,COTE-D'OR,False,,date stamp,mediocre
FI-0970-2811_cls1_0,GARE STE LIVRADE S/LOT,1905-07-22TXX:XX,COTE D'OR,False,2E,date stamp,mediocre
FI-0970-2812_cls1_0,NANCY,1920-06-25T15:30,MTHE ET MLLE,False,,date stamp,mediocre
FI-0970-2813_cls1_0,DIJON-GARE,1913-08-17T11:XX,COTE D'OR,False,,date stamp,mediocre
FI-0970-2817_cls1_0,,193X-08-2XTXX:XX,MARNE,False,,date stamp,mediocre
FI-0970-2820_cls1_0,,1905-XX-3XTXX:XX,MARNE,False,,date stamp,poor
FI-0970-2820_cls1_1,GIVET,1904-11-23TXX:XX,ARDENNES,False,9E,date stamp,mediocre
FI-0970-2822_cls1_0,CHARLEVILLE,1908-04-11TXX:XX,C^TES-DU-NORD,False,6E,date stamp,mediocre
FI-0970-2822_cls1_1,,1922-04-28TXX:XX,MARNE,False,1E,date stamp,mediocre
FI-0970-2824_cls1_0,,XXXX-XX-XXTXX:XX,,False,,date stamp,poor
FI-0970-2828_cls1_0,CHALONS S/ MARNE,1905-11-28T15:30,MARNE,False,,date stamp,good
FI-0970-2832_cls1_0,GARE DE DIJON,1904-07-16T11:20,COTE-D'OR,False,,date stamp,good
FI-0970-2835_cls1_0,GARE D'EAU,1935-07-17T13:XX,,False,,date stamp,poor
FI-0970-2838_cls1_0,TROYES,1906-03-24T11:5X,AUBE,False,,date stamp,mediocre
FI-0970-2839_cls1_0,,XXXX-06-04TXX:XX,MARNE ET LOIRE,False,,date stamp,poor
FI-0970-2840_cls1_0,,1908-06-20TXX:XX,MARNE,False,,date stamp,poor
FI-0970-2842_cls1_0,,1940-05-15T14:00,,False,,date stamp,poor
FI-0970-2843_cls1_0,,1910-11-05T10:30,,False,,date stamp,mediocre
FI-0970-2848_cls1_0,,XXXX-XX-XXTXX:XX,COTE-D'OR,False,,date stamp,poor
FI-0970-2850_cls1_0,,XXXX-XX-XXTXX:XX,,False,,date stamp,poor
FI-0970-2850_cls1_1,,XXXX-XX-XXTXX:XX,,False,,date stamp,poor
FI-0970-2853_cls1_0,,XXXX-XX-XXTXX:XX,,False,,,poor
FI-0970-2865_cls1_0,GARE DE DIJON,1904-07-16T11:20,COTE D'OR,False,,date stamp,mediocre
FI-0970-2871_cls1_0,DIJON GARE,1910-05-24TXX:XX,COTE D'OR,True,,date stamp,mediocre
FI-0970-2877_cls1_0,GARE DE DIJON,1905-07-25T14:30,COTE-D'OR,False,,date stamp,mediocre
FI-0970-2883_cls1_0,DIJON,1907-06-29T16:XX,COTE-D'OR,True,,date stamp,mediocre
FI-0970-2899_cls1_0,,XXXX-XX-XXTXX:XX,,False,,date stamp,poor
FI-0970-2908_cls1_0,,XXXX-XX-XXTXX:XX,,False,,,poor
FI-0970-2910_cls1_0,,XXXX-XX-XXTXX:XX,,False,,date stamp,poor
FI-0970-2910_cls1_1,,XXXX-XX-XXTXX:XX,,False,,date stamp,poor
FI-0970-2912_cls1_0,GARE DE COTE-D'AZUR,1924-10-27TXX:XX,ALPES-MARITIMES,False,1E,date stamp,mediocre
FI-0970-2917_cls1_0,CHALAIN-S/-SAONE,1905-12-06TXX:XX,COTE-D'OR,True,,date stamp,mediocre
FI-0970-2919_cls1_0,,XXXX-XX-XXTXX:XX,,False,,date stamp,poor
FI-0970-2920_cls1_0,DIJON GARE,1911-05-10T23:15,COTE-D'OR,False,,date stamp,poor
FI-0970-2922_cls1_0,,1931-05-17T0X:XX,,True,,date stamp,poor
FI-0970-2925_cls1_0,TROYES,1906-11-20T22:40,AUBE,False,,date stamp,mediocre
FI-0970-2928_cls1_0,,XXXX-09-07T18:0X,,False,,date stamp,poor
FI-0970-2929_cls1_0,,1905-XX-20T23:50,,False,,date stamp,poor
FI-0970-2934_cls1_0,CHALON s/ SAONE,1907-XX-XXTXX:XX,COTE D'OR,False,7E,date stamp,poor
FI-0970-2942_cls1_0,CARE,1923-05-23T15:35,COTE-D'OR,False,,date stamp,mediocre
FI-0970-2943_cls1_0,,XXXX-XX-XXTXX:XX,,False,,,poor
FI-0970-2945_cls1_0,,1904-05-10T12:20,MARNE,False,,date stamp,poor
FI-0970-2951_cls1_0,,XXXX-XX-XXTXX:XX,,False,,date stamp,poor
FI-0970-2953_cls1_0,CHALON S/ MARNE,1906-07-14T15:45,MARNE,False,,date stamp,mediocre
FI-0970-2954_cls1_0,MALAIN,1905-08-16TXX:XX,COTE-D'OR,True,,date stamp,mediocre
FI-0970-2954_cls1_1,,XXXX-XX-XXTXX:XX,,False,,,poor
FI-0970-2957_cls1_0,,XXXX-XX-05T19:XX,NORD,False,,date stamp,poor
FI-0970-2957_cls1_1,,1910-05-XXTXX:XX,MTHE ET MLLE,False,2E,date stamp,mediocre
FI-0970-2958_cls1_0,DIJON A PARIS,1907-09-25T21:59,,False,,convoyeur line stamp,mediocre
FI-0970-2960_cls1_0,MARAINVILLIERS,1905-05-01TXX:XX,MARNE,False,,date stamp,mediocre
FI-0970-2962_cls1_0,,19X5-07-23TXX:XX,,True,,date stamp,poor
FI-0970-2963_cls1_0,BEZE,1910-08-10T19:XX,COTE-D'OR,False,,date stamp,mediocre
FI-0970-2964_cls1_0,JOUY,1908-12-08TXX:XX,MTHE ET MLLE,True,,date stamp,mediocre
FI-0970-2965_cls1_0,,190X-10-05T10:20,CALVADOS,False,,date stamp,mediocre
FI-0970-2967_cls1_0,ST JULIEN LAUMES,1910-XX-09T17:30,COTE D'OR,False,,date stamp,mediocre
FI-0970-2969_cls1_0,,1905-02-10TXX:XX,,True,,date stamp,mediocre
FI-0970-2970_cls1_0,CHARENCY-GR,1905-06-30T12:50,MEUSE,False,,date stamp,mediocre
FI-0970-2972_cls1_0,GARE DE DIJON,1904-07-15T11:20,COTE-D'OR,False,,date stamp,mediocre
FI-0970-2982_cls1_0,,XXXX-XX-XXTXX:XX,,False,,date stamp,poor
FI-0970-2983_cls1_0,,1909-09-21T19:XX,,True,,date stamp,mediocre
FI-0970-2985_cls1_0,,1913-XX-13TXX:XX,,True,,date stamp,poor
FI-0970-2992_cls1_0,,1925-08-XXTXX:10,,False,,date stamp,mediocre
FI-0970-2993_cls1_0,LONGEAULT,XXXX-XX-XXTXX:XX,COTE-D'OR,False,,date stamp,poor
FI-0970-2994_cls1_0,,1923-12-29T09:55,,False,,date stamp,mediocre
FI-0970-2995_cls1_0,DIJON-GARE,1905-05-19T12:35,COTE-D'OR,False,,date stamp,mediocre
FI-0970-3000_cls1_0,DIJON-GARE,1927-12-22TXX:XX,COTE-D'OR,True,,date stamp,poor
FI-0970-3000_cls1_1,,XXXX-XX-XXTXX:XX,MTHE ET MLLE,True,,date stamp,poor
FI-0970-3002_cls1_0,NANCY,1909-08-11T13:XX,MTHE ET MLLE,False,,date stamp,mediocre
FI-0970-3003_cls1_0,,XXXX-03-XXTXX:XX,,False,,date stamp,poor
FI-0970-3007_cls1_0,DIJON GARE,1911-05-07T11:2X,COTE-D'OR,True,,date stamp,mediocre
FI-0970-3015_cls1_0,DIJON-GARE,1929-07-XXT12:XX,COTE D'OR,False,,date stamp,mediocre
FI-0970-3021_cls1_0,,XXXX-06-18TXX:XX,COTE D'OR,False,5E,date stamp,mediocre
FI-0970-3022_cls1_0,GARE DE DIJON,1908-12-12T21:45,COTE-D'OR,False,,date stamp,mediocre
FI-0970-3026_cls1_0,,XXXX-XX-XXTXX:XX,,False,12E,date stamp,poor
FI-0970-3026_cls1_1,COTE D'OR,XXXX-XX-18T22:XX,COTE D'OR,False,,date stamp,poor
FI-0970-3030_cls1_0,NANCY,XXXX-08-20TXX:XX,MTHE ET MLLE,True,,date stamp,mediocre
FI-0970-3035_cls1_0,COLOMBEY-LES-BELLES,1906-08-12T20:XX,M ET M,True,,date stamp,mediocre
FI-0970-3040_cls1_0,,XXXX-XX-XXTXX:XX,,False,,date stamp,poor
FI-0970-3044_cls1_0,,XXXX-XX-XXTXX:XX,,False,,date stamp,poor
FI-0970-3045_cls1_0,,XXXX-06-18TXX:08,,False,,date stamp,poor
FI-0970-3054_cls1_0,GERNAY,1910-04-06TXX:XX,MARNE,True,,date stamp,poor
FI-0970-3054_cls1_1,,1907-10-XXTXX:XX,COTE-D'OR,False,,date stamp,poor
FI-0970-3059_cls1_0,,XXXX-XX-XXTXX:XX,,False,,date stamp,poor
FI-0970-3059_cls1_1,,1913-XX-15TXX:XX,,False,,date stamp,poor
FI-0970-3067_cls1_0,DIJON,1905-06-08T21:50,COTE D'OR,False,,date stamp,mediocre
FI-0970-3082_cls1_0,VRONCOURT,1905-XX-16T10:XX,MARNE,False,10E,date stamp,poor
FI-0970-3082_cls1_1,,XXXX-XX-XXTXX:XX,,False,,date stamp,poor
FI-0970-3083_cls1_0,GERBEVILLER,1912-07-30T22:30,MTHE ET MLLE,False,,date stamp,mediocre
FI-0970-3086_cls1_0,,1926-07-30TXX:XX,MARNE,False,0,date stamp,mediocre
FI-0970-3087_cls1_0,DIJON-GARE,1905-09-XXTXX:03,COTE-D'OR,False,,date stamp,mediocre
FI-0970-3087_cls1_1,PARIS-R.P,1924-07-14T14:XX,SEINE,False,,date stamp,mediocre
FI-0970-3090_cls1_0,CHAMPIGNEULLES,1908-07-16T18:10,MTHE ET MLLE,False,,date stamp,good
FI-0970-3093_cls1_0,CONDE-S-MARNE,1905-02-27T14:30,MARNE,False,,date stamp,good
FI-0970-3094_cls1_0,CHALON s MARNE,1913-05-23TXX:XX,MARNE,False,1E,date stamp,mediocre
FI-0970-3095_cls1_0,DIJON,1908-07-31T07:30,COTE-D'OR,False,,date stamp,good
FI-0970-3098_cls1_0,,1908-06-XXT15:40,MARNE,False,,date stamp,poor
FI-0970-3101_cls1_0,GARE D'UNAY,1901-06-17TXX:XX,COTE-D'OR,True,,date stamp,poor
FI-0970-3105_cls1_0,,1913-01-27T14:XX,,True,,date stamp,poor
FI-0970-3111_cls1_0,,XXXX-01-26TXX:XX,MARNE,False,7E,date stamp,poor
FI-0970-3117_cls1_0,GARE D'EPINAL,XXXX-XX-XXTXX:XX,VOSGES,True,3E,date stamp,poor
FI-0970-3123_cls1_0,DIJON-GARE R.P.,1912-08-25T23:55,COTE D'OR,False,,date stamp,mediocre
FI-0970-3125_cls1_0,,XXXX-XX-XXTXX:XX,,False,,date stamp,poor
FI-0970-3130_cls1_0,,1909-XX-XXTXX:XX,COTE D'OR,False,,date stamp,poor
FI-0970-3131_cls1_0,ABBEVILLE,1905-10-02TXX:XX,SOMME,True,,date stamp,mediocre
FI-0970-3132_cls1_0,,XXXX-04-6XT09:XX,,False,,date stamp,poor
FI-0970-3135_cls1_0,,1905-09-14T12:50,,False,,date stamp,poor
FI-0970-3136_cls1_0,CORBON,1905-08-28T17:XX,MARNE,True,,date stamp,mediocre
FI-0970-3141_cls1_0,,1935-05-22T08:XX,MARNE,True,,date stamp,mediocre
FI-0970-3147_cls1_0,,XXXX-XX-XXTXX:XX,,False,,date stamp,poor
FI-0970-3151_cls1_0,MALZEVILLE,1905-04-X2T12:34,MTHE ET MLLE,False,,date stamp,mediocre
FI-0970-3154_cls1_0,,XXXX-XX-XXTXX:XX,,False,,date stamp,poor
FI-0970-3160_cls1_0,,1906-XX-21TXX:XX,,True,,date stamp,mediocre
FI-0970-3161_cls1_0,,XXXX-XX-XXTXX:XX,,False,,date stamp,poor
FI-0970-3161_cls1_1,,XXXX-XX-XXTXX:XX,,False,,date stamp,poor
FI-0970-3165_cls1_0,,1914-07-X4T18:XX,COTE-D'OR,False,,date stamp,poor
FI-0970-3166_cls1_0,GARE DE DIJON,1905-10-18T12:20,COTE-D'OR,False,,date stamp,good
FI-0970-3168_cls1_0,,1956-05-15TXX:XX,,False,,date stamp,poor
FI-0970-3170_cls1_0,JARDORES,1908-08-24T18:20,MEUSE,False,,date stamp,mediocre
FI-0970-3173_cls1_0,,XXXX-XX-XXTXX:XX,,False,,date stamp,poor
FI-0970-3174_cls1_0,,XXXX-XX-XXTXX:XX,MARNE,False,,date stamp,poor
FI-0970-3178_cls1_0,CHATEAU-THIERRY,192X-XX-28TXX:10,,True,,date stamp,mediocre
FI-0970-3182_cls1_0,CHEVALTERRE,XXXX-XX-XXTXX:XX,RHONE,False,,date stamp,poor
FI-0970-3182_cls1_1,,192X-03-29T21:XX,,True,,date stamp,mediocre
FI-0970-3183_cls1_0,DIJON,1929-02-19T09:10,COTE D'OR,False,,date stamp,mediocre
FI-0970-3185_cls1_0,,XXXX-XX-XXTXX:XX,,False,,date stamp,poor
FI-0970-3191_cls1_0,DIJON,1904-09-18TXX:XX,COTE D'OR,True,,date stamp,mediocre
FI-0970-3195_cls1_0,LA ROCHELLE-UCPS,1906-06-08T14:00,CHARENTE-INFRE,False,,date stamp,mediocre
FI-0970-3195_cls1_1,EPERNAY,XXXX-XX-XXT09:35,MARNE,False,,date stamp,poor
FI-0970-3197_cls1_0,VITRY-LE-FRANCOIS,1910-08-06T19:XX,MARNE,True,,date stamp,mediocre
FI-0970-3197_cls1_1,GARE D'EPINAL,1905-06-01TXX:XX,VOSGES,True,,date stamp,mediocre
FI-0970-3203_cls1_0,,XXXX-XX-XXTXX:XX,,False,,date stamp,poor
FI-0970-3209_cls1_0,,1929-XX-1XT21:30,,False,,date stamp,mediocre
FI-0970-3215_cls1_0,CHALONS S/ MARNE,1913-07-28T20:40,MARNE,False,,date stamp,mediocre
FI-0970-3218_cls1_0,DIJON,1908-01-06T15:XX,COTE-D'OR,True,,date stamp,mediocre
FI-0970-3233_cls1_0,,1909-XX-XXTXX:XX,,False,,date stamp,poor
FI-0970-3243_cls1_0,DIJON,1923-XX-6XT17:30,COTE-D'OR,True,,date stamp,mediocre
FI-0970-3250_cls1_0,,XXXX-09-25TXX:XX,,False,,date stamp,poor
FI-0970-3266_cls1_0,,192X-XX-1XT12:XX,,False,,date stamp,poor
FI-0970-3277_cls1_0,PARIS,1907-10-05TXX:XX,SEINE,False,,date stamp,mediocre
FI-0970-3277_cls1_1,NANCY,1910-XX-1XT15:XX,MTHE ET MLLE,False,,date stamp,poor
FI-0970-3278_cls1_0,,XXXX-XX-XXTXX:XX,MARNE,False,,date stamp,poor
FI-0970-3283_cls1_0,,XXXX-XX-XXTXX:5X,,False,,date stamp,poor
FI-0970-3283_cls1_1,,XXXX-XX-XXTXX:XX,,False,,,poor
FI-0970-3285_cls1_0,,XXXX-XX-XXTXX:XX,,False,,date stamp,poor
FI-0970-3293_cls1_0,,XXXX-XX-12TXX:XX,,False,,date stamp,poor
FI-0970-3295_cls1_0,GARE DE DIJON,1904-08-08T15:35,COTE-D'OR,False,,date stamp,mediocre
FI-0970-3296_cls1_0,CHALON S/ SAONE,1906-08-21T16:XX,COTE D'OR,True,,date stamp,mediocre
FI-0970-3297_cls1_0,,1906-06-06TXX:XX,COTES-DU-NORD,False,,date stamp,mediocre
FI-0970-3298_cls1_0,,1918-04-17TXX:XX,COTE-D'OR,False,,date stamp,mediocre
FI-0970-3301_cls1_0,GARE D'EPINAL,1907-XX-1XTXX:XX,VOSGES,False,,date stamp,mediocre
FI-0970-3308_cls1_0,,XXXX-XX-XXTXX:XX,,False,,date stamp,poor
FI-0970-3308_cls1_1,,XXXX-XX-XXTXX:XX,,False,,,poor
FI-0970-3318_cls1_0,GARE D'UNION,1920-XX-XXTXX:XX,,False,,date stamp,mediocre
FI-0970-3319_cls1_0,AUTREY-LA-REPUBLIQUE,1905-10-31T20:XX,MARNE,True,,date stamp,mediocre
FI-0970-3321_cls1_0,,1906-05-18T09:10,COTE D'OR,True,,date stamp,mediocre
FI-0970-3323_cls1_0,,XXXX-XX-XXTXX:XX,,False,,date stamp,poor
FI-0970-3323_cls1_1,,XXXX-XX-XXTXX:XX,,False,,date stamp,poor
FI-0970-3326_cls1_0,,XXXX-XX-XXTXX:XX,,False,,date stamp,poor
FI-0970-3331_cls1_0,,1913-08-05TXX:XX,NIEVRE,False,,date stamp,poor
FI-0970-3335_cls1_0,,XXXX-XX-XXTXX:XX,,False,,date stamp,poor
FI-0970-3340_cls1_0,,1908-08-29TXX:XX,,False,,date stamp,poor
FI-0970-3344_cls1_0,TROYES,XXXX-03-23TXX:XX,AUBE,True,,date stamp,poor
FI-0970-3351_cls1_0,GARE DE DIJON,1907-09-03T18:10,COTE-D'OR,False,,date stamp,mediocre
FI-0970-3358_cls1_0,NANCY GARE,XXXX-10-28T10:30,MTHE ET MLLE,False,,date stamp,poor
FI-0970-3358_cls1_1,VENTRON,192X-02-21T18:XX,,True,,date stamp,poor
FI-0970-3360_cls1_0,,XXXX-XX-XXTXX:XX,B D RHONE,True,,date stamp,poor
FI-0970-3361_cls1_0,CHALONS S/ MARNE,XXXX-XX-XXTXX:XX,MARNE,False,,date stamp,poor
FI-0970-3361_cls1_1,,XXXX-XX-XXTXX:XX,,False,,date stamp,poor
FI-0970-3366_cls1_0,,XXXX-XX-XXTXX:15,COTE D'OR,False,,date stamp,poor
FI-0970-3366_cls1_1,,XXXX-XX-18TXX:XX,,False,,date stamp,poor
FI-0970-3367_cls1_0,TROYES,1915-08-X5TXX:XX,AUBE,False,,date stamp,mediocre
FI-0970-3368_cls1_0,,190X-05-22TXX:XX,GARD,False,,date stamp,mediocre
FI-0970-3371_cls1_0,,XXXX-XX-XXTXX:XX,,False,,,poor
FI-0970-3375_cls1_0,,XXXX-XX-XXTXX:XX,,False,,date stamp,poor
FI-0970-3376_cls1_0,,XXXX-XX-XXTXX:XX,,True,,date stamp,poor
FI-0970-3384_cls1_0,,XXXX-XX-XXTXX:XX,,False,,,poor
FI-0970-3384_cls1_1,,XXXX-XX-XXTXX:XX,,False,,,poor
FI-0970-3385_cls1_0,TROYES,1912-12-14T16:10,AUBE,False,,date stamp,mediocre
FI-0970-3385_cls1_1,CHRTAU9,XXXX-XX-11T14:15,MARNE,False,,date stamp,mediocre
FI-0970-3388_cls1_0,BARE DE JUVELLE,1907-09-11T17:30,C. D'OR,False,,date stamp,good
FI-0970-3389_cls1_0,PARIS 56,XXXX-05-31TXX:XX,SEINE,False,,date stamp,mediocre
FI-0970-3395_cls1_0,SOMME-CUISY,1912-12-26T11:20,,True,,date stamp,mediocre
FI-0970-3398_cls1_0,GARE DE DIJON,1905-04-XXTXX:XX,COTE-D'OR,False,4E,date stamp,mediocre
FI-0970-3400_cls1_0,,XXXX-XX-30TXX:XX,COTE-D'OR,False,,date stamp,poor
FI-0970-3402_cls1_0,GARE DE DIJON,1913-10-13T11:20,COTE D'OR,False,,date stamp,mediocre
FI-0970-3411_cls1_0,,XXXX-XX-XXTXX:XX,,False,,date stamp,poor
FI-0970-3417_cls1_0,,1905-05-XXT17:XX,COTE-D'OR,False,,date stamp,mediocre
FI-0970-3419_cls1_0,DIJON,1912-01-22T11:XX,COTE-D'OR,True,,date stamp,good
FI-0970-3420_cls1_0,,1915-XX-XXTXX:45,,False,,date stamp,poor
FI-0970-3423_cls1_0,,1925-05-28T12:25,COTE D'OR,False,,date stamp,mediocre
FI-0970-3424_cls1_0,HOLROYD HOUSE,XX10-XX-XXTXX:XX,,True,,date stamp,poor
FI-0970-3425_cls1_0,,1909-08-23T11:30,AUBE,True,,date stamp,poor
FI-0970-3428_cls1_0,ST JEAN DE V,XXXX-XX-02TXX:30,COTE D'OR,False,,date stamp,poor
FI-0970-3442_cls1_0,DIJON,1903-09-07T02:XX,COTE D'OR,True,,date stamp,mediocre
FI-0970-3445_cls1_0,PLOUCHES,1913-10-23T21:15,COTE-D'OR,False,,date stamp,mediocre
FI-0970-3448_cls1_0,,XXXX-XX-XXTXX:XX,,False,,convoyeur line stamp,poor
FI-0970-3452_cls1_0,,XXXX-XX-XXTXX:XX,,False,,,poor
FI-0970-3452_cls1_1,PARIS-BOUTTLE DE 12,1913-08-14TXX:XX,PARIS,True,,date stamp,mediocre
FI-0970-3453_cls1_0,,XXXX-XX-XXTXX:18,MARNE,False,,date stamp,poor
FI-0970-3458_cls1_0,LORION,1907-08-01TXX:XX,COTE D'OR,False,,date stamp,mediocre
FI-0970-3461_cls1_0,,XXXX-XX-XXTXX:XX,,False,,date stamp,poor
FI-0970-3462_cls1_0,DIJON,1926-XX-1XT17:XX,COTE-D'OR,True,,date stamp,mediocre
FI-0970-3463_cls1_0,NANCY,1924-XX-15TXX:XX,MTHE ET MLLE,False,,date stamp,mediocre
FI-0970-3466_cls1_0,DIJON-GARE,1918-08-11TXX:XX,COTE-D'OR,False,,date stamp,good
FI-0970-3466_cls1_1,GARE LUXEUIL S/SAONE,1908-08-18T11:XX,H. SAONE,True,,date stamp,mediocre
FI-0970-3469_cls1_0,,XXXX-08-04TXX:XX,MARNE,False,,date stamp,poor
FI-0970-3483_cls1_0,,1909-05-25TXX:XX,COTE-D'OR,True,,date stamp,mediocre
FI-0970-3486_cls1_0,,XXXX-XX-XXTXX:XX,,True,,date stamp,poor
FI-0970-3486_cls1_1,,XXXX-XX-XXTXX:XX,,False,,,poor
FI-0970-3489_cls1_0,GIVET,XXXX-05-25T10:XX,ARDENNES,False,,date stamp,mediocre
FI-0970-3489_cls1_1,,XXXX-10-06TXX:XX,,False,,date stamp,poor
FI-0970-3494_cls1_0,FIXME,1909-09-23T20:45,,False,,date stamp,mediocre
FI-0970-3499_cls1_0,GARE D'AVIGNON,1911-08-10TXX:XX,VAUCLUSE,False,,date stamp,mediocre
FI-0970-3501_cls1_0,LYON,XXXX-06-23T13:30,,False,,date stamp,mediocre
FI-0970-3514_cls1_0,,XXXX-XX-XXTXX:XX,,False,,,poor
FI-0970-3514_cls1_1,,XXXX-XX-XXTXX:XX,,False,,,poor
FI-0970-3516_cls1_0,GARE D'EPINAL,XXXX-08-XXTXX:XX,VOSGES,True,,date stamp,mediocre
FI-0970-3518_cls1_0,UNION-PORTE D'ORL,1906-09-11T18:30,MARNE,False,,date stamp,good
FI-0970-3520_cls1_0,CUIR,1910-03-19T10:10,MARNE,False,,date stamp,mediocre
FI-0970-3526_cls1_0,,XXXX-XX-XXTXX:XX,,False,,,poor
FI-0970-3527_cls1_0,,XXXX-XX-30T08:XX,,False,,date stamp,poor
FI-0970-3533_cls1_0,,1908-01-20T17:XX,,True,,date stamp,mediocre
FI-0970-3543_cls1_0,,XXXX-XX-XXTXX:XX,,False,,date stamp,poor
FI-0970-3545_cls1_0,JONCHERY S/ VESLE,1908-05-XXTXX:XX,MARNE,False,,date stamp,mediocre
FI-0970-3546_cls1_0,,XXXX-XX-XXTXX:XX,,False,,,poor
FI-0970-3548_cls1_0,GARE DE DIJON,XXXX-XX-XXTXX:XX,COTE-D'OR,False,,date stamp,poor
FI-0970-3550_cls1_0,DIJON-GARE,1917-08-21T23:14,COTE-D'OR,False,,date stamp,mediocre
FI-0970-3552_cls1_0,,1909-08-XXTXX:XX,MARNE,False,,date stamp,poor
FI-0970-3552_cls1_1,GONDREXON,XXXX-XX-XXTXX:XX,M ET M,True,,date stamp,poor
FI-0970-3553_cls1_0,,19XX-XX-25TXX:XX,,False,,date stamp,poor
FI-0970-3557_cls1_0,,XX05-XX-XXTXX:XX,COTE-D'OR,False,5E,date stamp,poor
FI-0970-3558_cls1_0,EICH-COM,1908-08-14T17:15,MARNE,False,,date stamp,mediocre
FI-0970-3561_cls1_0,,XXXX-XX-XXTXX:XX,,True,,date stamp,poor
FI-0970-3563_cls1_0,,XXXX-XX-XXTXX:XX,,False,,date stamp,poor
FI-0970-3568_cls1_0,,1905-04-XXTXX:15,MARNE,False,,date stamp,mediocre
FI-0970-3569_cls1_0,VILLERS-ALL,XXXX-XX-17TXX:13,,False,,date stamp,poor
FI-0970-3571_cls1_0,GARE DE DIJON,1908-06-24T12:20,COTE-D'OR,False,,date stamp,good
FI-0970-3575_cls1_0,,XXXX-03-XXTXX:XX,MARNE,True,,date stamp,poor
FI-0970-3576_cls1_0,,XXXX-08-22TXX:XX,COTE D'OR,False,,date stamp,poor
FI-0970-3582_cls1_0,GONDRECOURT,1904-07-03T22:XX,MEUSE,True,,date stamp,mediocre
FI-0970-3592_cls1_0,NANCY,1907-08-XXTXX:XX,MTHE ET MLLE,True,,date stamp,mediocre
FI-0970-3593_cls1_0,TROYES,1908-04-20TXX:XX,AUBE,False,12E,date stamp,poor
FI-0970-3640_cls1_0,,XXXX-XX-XXTXX:XX,,False,,date stamp,poor
FI-0970-3661_cls1_0,,XXXX-XX-XXTXX:XX,,False,,date stamp,poor
FI-0970-3663_cls1_0,,XXXX-XX-XXTXX:XX,,False,,,poor
FI-0970-3666_cls1_0,ETAIN,1914-02-28T15:20,MEUSE,False,,date stamp,mediocre
FI-0970-3669_cls1_0,BLIGNY-S-AISNE,1908-10-28TXXX3,ARDENNES,False,,date stamp,poor
FI-0970-3673_cls1_0,,XXXX-XX-XXTXX:XX,,False,,date stamp,poor
FI-0970-3693_cls1_0,,XXXX-XX-XXTXX:XX,,False,,date stamp,poor
FI-0970-3695_cls1_0,CHALONS S MARNE,1907-09-26T22:20,MARNE,False,,date stamp,mediocre
FI-0970-3695_cls1_1,,XXXX-XX-XXTXX:XX,,False,,,poor
FI-0970-3696_cls1_0,,XXXX-XX-XXTXX:XX,,False,,,poor
FI-0970-3696_cls1_1,,XXXX-XX-XXTXX:XX,,False,,,poor
FI-0970-3698_cls1_0,BELFORT,1908-07-06TXX:XX,Hte SAONE,False,5E,date stamp,mediocre
FI-0970-3700_cls1_0,,XXXX-XX-XXTXX:XX,,False,,,poor
FI-0970-3701_cls1_0,EPINAL,1906-XX-19T14:XX,VOSGES,True,,date stamp,mediocre
FI-0970-3704_cls1_0,,1942-11-XXTXX:XX,,True,,date stamp,mediocre
FI-0970-3705_cls1_0,FOUG,1908-08-08T16:10,MEURTHE ET MOSELLE,False,,date stamp,mediocre
FI-0970-3708_cls1_0,CHALONS S/ MARNE,1908-06-30TXX:30,MARNE,True,,date stamp,mediocre
FI-0970-3709_cls1_0,,XXXX-XX-XXTXX:XX,,False,,date stamp,poor
FI-0970-3709_cls1_1,,XXXX-XX-XXTXX:XX,,False,,,poor
FI-0970-3709_cls1_2,,XXXX-XX-XXTXX:XX,,False,,date stamp,poor
FI-0970-3715_cls1_0,CHALON-S-SAONE,1912-10-13T15:40,SAONE-ET-LOIRE,False,,date stamp,mediocre
FI-0970-3715_cls1_1,,XXXX-XX-XXTXX:XX,,False,,,poor
FI-0970-3715_cls1_2,,XXXX-XX-XXTXX:XX,,False,,date stamp,poor
FI-0970-3719_cls1_0,,1936-06-21TXX:XX,CORREZE,False,,date stamp,mediocre
FI-0970-3720_cls1_0,SEMOINE-AUXOIS,1904-08-10TXX:XX,COTE-D'OR,False,,date stamp,mediocre
FI-0970-3722_cls1_0,,1910-08-18T11:XX,MARNE,True,,date stamp,mediocre
FI-0970-3731_cls1_0,AVIGNY PAR CONTREXEV.,XXXX-XX-XXTXX:XX,VOSGES,False,9E,date stamp,mediocre
FI-0970-3735_cls1_0,,XXXX-XX-XXTXX:XX,,False,,,poor
FI-0970-3740_cls1_0,VITTEL VOSGES-HOTEL,1913-08-31T17:30,VOSGES,False,,date stamp,mediocre
FI-0970-3747_cls1_0,VALLON ST,XXXX-XX-XXT15:50,MARNE,True,,convoyeur line stamp,poor
FI-0970-3756_cls1_0,,XXXX-XX-XXTXX:XX,,False,,date stamp,poor
FI-0970-3757_cls1_0,,XXXX-XX-XXTXX:XX,,False,,date stamp,poor
FI-0970-3759_cls1_0,,XXXX-XX-XXTXX:XX,,False,3E,date stamp,poor
FI-0970-3761_cls1_0,EPINE MARNE,1906-09-XXT18:XX,MARNE,False,,date stamp,mediocre
FI-0970-3763_cls1_0,CHAVANGES,1908-07-22TXX:XX,MARNE,False,22,date stamp,mediocre
FI-0970-3764_cls1_0,,1925-05-04T17:50,CORSE,False,,date stamp,mediocre
FI-0970-3765_cls1_0,,XXXX-07-25T20:XX,AUBE,False,,date stamp,poor
FI-0970-3766_cls1_0,,XXXX-XX-XXTXX:XX,,False,,,poor
FI-0970-3769_cls1_0,,19XX-04-05TXX:XX,,False,5E,date stamp,mediocre
FI-0970-3772_cls1_0,,XXXX-XX-XXTXX:XX,C.-ET D'OR,False,,date stamp,poor
FI-0970-3776_cls1_0,,XXXX-XX-XXTXX:XX,MARNE,False,,date stamp,poor
FI-0970-3777_cls1_0,GARE DES EYSSES A PARIS,1904-08-14T22:XX,MARNE,True,,date stamp,mediocre
FI-0970-3789_cls1_0,,1905-XX-06TXX:XX,MEURTHE ET MOSELLE,False,,date stamp,mediocre
FI-0970-3789_cls1_1,,XXXX-XX-XXTXX:XX,,False,,date stamp,poor
FI-0970-3791_cls1_0,,XXXX-XX-XXTXX:XX,,False,,date stamp,poor
FI-0970-3791_cls1_1,CHALONS S/ MARNE,1905-09-02T13:XX,MARNE,False,,date stamp,mediocre
FI-0970-3791_cls1_2,CHALONS S/ MARNE,1905-09-XXTXX:XX,MARNE,False,,date stamp,mediocre
FI-0970-3793_cls1_0,OMHARIN,1901-02-12T15:25,COTE-D'OR,False,,date stamp,mediocre
FI-0970-3794_cls1_0,,XXXX-XX-XXTXX:XX,,False,,date stamp,poor
FI-0970-3816_cls1_0,AVIGNY S/O,XXXX-XX-XXT20:25,,False,,date stamp,mediocre
FI-0970-3826_cls1_0,,1912-XX-04T10:XX,MARNE,False,,date stamp,mediocre
FI-0970-3828_cls1_0,LAVIGNY S GERMAIN/GR,1911-11-01T20:25,MARNE,False,,date stamp,good
FI-0970-3834_cls1_0,,XXXX-XX-XXTXX:XX,,False,,,poor
FI-0970-3838_cls1_0,GARE D'EPOXY,1911-05-20T23:15,COTE-D'OR,False,,date stamp,mediocre
FI-0970-3842_cls1_0,,1905-07-05TXX:XX,MEURTHE ET MOSELLE,False,,date stamp,mediocre
FI-0970-3845_cls1_0,,XXXX-XX-XXTXX:XX,,False,,date stamp,poor
FI-0970-3847_cls1_0,,XXXX-XX-XXTXX:XX,,False,,date stamp,poor
FI-0970-3863_cls1_0,DIJON,1904-08-01T21:XX,COTE-D'OR,True,,date stamp,mediocre
FI-0970-3873_cls1_0,CHALONS S/ MARNE,XXXX-XX-7XTXX:XX,,False,,date stamp,poor
FI-0970-3873_cls1_1,,XXXX-XX-XXTXX:XX,HAUTE-MARNE,False,,date stamp,poor
FI-0970-3878_cls1_0,,XXXX-XX-XXTXX:XX,MARNE,False,,date stamp,poor
FI-0970-3895_cls1_0,,1907-06-06TXX:XX,,False,,date stamp,poor
FI-0970-3896_cls1_0,,XXXX-XX-XXTXX:XX,MARNE,False,,date stamp,poor
FI-0970-3899_cls1_0,PARIS R. D E MO,192X-05-3XT16:30,SEINE,False,,date stamp,mediocre
FI-0970-3900_cls1_0,,XXXX-XX-XXTXX:XX,,False,,date stamp,poor
FI-0970-3905_cls1_0,VOIVRES LES LE MANS,1908-XX-11T10:00,SARTHE,False,,date stamp,mediocre
FI-0970-3909_cls1_0,,XXXX-XX-08TXX:XX,,False,,date stamp,poor
FI-0970-3911_cls1_0,FURSAULT,1906-08-22T15:45,MARNE,False,,date stamp,mediocre
FI-0970-3915_cls1_0,,19XX-09-18TXX:XX,,False,,date stamp,poor
FI-0970-3919_cls1_0,BAINS-LES-BAINS,XXXX-XX-12TXX:XX,VOSGES,True,,date stamp,mediocre
FI-0970-3925_cls1_0,,1904-10-18TXX:XX,,True,,date stamp,poor
FI-0970-3932_cls1_0,GARE DE CHAGNY,1904-09-05T18:XX,SAONE-ET-LOIRE,False,,date stamp,good
FI-0970-3933_cls1_0,,1925-08-15T08:55,COTE D'OR,False,,date stamp,mediocre
FI-0970-3945_cls1_0,PARIS D' S -,1909-01-05T10:35,SEINE,False,,date stamp,mediocre
FI-0970-3946_cls1_0,,XXXX-XX-XXTXX:XX,,False,,date stamp,poor
FI-0970-3962_cls1_0,,1910-08-04TXX:35,,False,,date stamp,mediocre
FI-0970-3965_cls1_0,,XXXX-XX-XXTXX:XX,,False,,,poor
FI-0970-3968_cls1_0,GERVEY-CHABLIS,1908-08-16T08:50,COTE D'OR,False,,date stamp,mediocre
FI-0970-3969_cls1_0,HAMBERTIN,XXXX-XX-23T12:XX,,False,,date stamp,poor
FI-0970-3969_cls1_1,GEVREY,XXXX-XX-XXTXX:XX,,False,,date stamp,poor
FI-0970-3970_cls1_0,NANCY GARE,1905-11-21TXX:10,MEURTHE ET MOSELLE,True,,date stamp,mediocre
FI-0970-3972_cls1_0,,XXXX-XX-XXTXX:XX,,False,,,poor
FI-0970-3976_cls1_0,AROCA,1902-01-05TXX:XX,VOSGES,False,12E,date stamp,mediocre
FI-0970-3980_cls1_0,,XXXX-XX-XXTXX:XX,,False,,date stamp,poor
FI-0970-3981_cls1_0,CHAPAREILLAN,1909-06-15T09:50,ISERE,False,,date stamp,mediocre
FI-0970-3982_cls1_0,,XXXX-XX-XXTXX:XX,,False,,date stamp,poor
FI-0970-3983_cls1_0,,1910-08-16TXX:XX,MARNE,False,,date stamp,mediocre
FI-0970-3984_cls1_0,,1913-07-10TXX:XX,MARNE,False,,date stamp,mediocre
FI-0970-3985_cls1_0,,XXXX-XX-XXTXX:XX,,False,,date stamp,poor
FI-0970-3986_cls1_0,,XXXX-XX-XXTXX:XX,,False,,date stamp,poor
FI-0970-3988_cls1_0,,XXXX-XX-XXT21:45,,True,,date stamp,poor
FI-0970-3991_cls1_0,PARIS,XXXX-09-15TXX:XX,,False,,date stamp,poor
FI-0970-3993_cls1_0,,XXXX-XX-XXTXX:XX,,False,,,poor
FI-0970-3998_cls1_0,BEAUNE,1918-08-27T21:50,COTE-D'OR,False,,date stamp,mediocre
FI-0970-4003_cls1_0,NANCY-BANLIEUE,1912-08-28T19:45,MTHE ET MLLE,False,,date stamp,good
FI-0970-4008_cls1_0,,XXXX-10-28T13:00,MARNE,False,,date stamp,mediocre
FI-0970-4017_cls1_0,,XXXX-XX-XXTXX:XX,,False,,date stamp,poor
FI-0970-4023_cls1_0,,XXXX-XX-XXTXX:XX,,False,,,poor
FI-0970-4025_cls1_0,,XXXX-XX-XXTXX:XX,COTE-D'OR,False,,date stamp,poor
FI-0970-4026_cls1_0,,XXXX-XX-XXTXX:XX,,False,,date stamp,poor
FI-0970-4031_cls1_0,,XXXX-XX-XXTXX:XX,,False,,date stamp,poor
FI-0970-4036_cls1_0,,XXXX-XX-2XTXX:XX,,False,,date stamp,poor
FI-0970-4037_cls1_0,,XXXX-XX-XXTXX:XX,,False,,,poor
FI-0970-4039_cls1_0,DIJON,1906-08-20T20:10,COTE-D'OR,False,,convoyeur line stamp,mediocre
FI-0970-4039_cls1_1,,XXXX-XX-XXTXX:XX,,False,,,poor
FI-0970-4048_cls1_0,,1914-06-26T05:55,COTE-D'OR,False,,date stamp,mediocre
FI-0970-4053_cls1_0,,192X-08-20TXX:XX,VOSGES,True,,date stamp,poor
FI-0970-4053_cls1_1,,XXXX-XX-08TXX:XX,,True,,date stamp,poor
FI-0970-4058_cls1_0,,1911-08-11TXX:XX,COTE-D'OR,True,,date stamp,mediocre
FI-0970-4058_cls1_1,,XXXX-XX-XXTXX:XX,,False,,,poor
FI-0970-4071_cls1_0,,XXXX-XX-XXTXX:XX,,False,,date stamp,poor
FI-0970-4073_cls1_0,40 PLE D'ORLEANS,XXXX-XX-XXT10:XX,SEINE,True,,date stamp,mediocre
FI-0970-4074_cls1_0,,XXXX-XX-XXT15:XX,SEINE,False,,date stamp,poor
FI-0970-4081_cls1_0,,XXXX-XX-XXTXX:XX,,False,,date stamp,poor
FI-0970-4083_cls1_0,,XXXX-XX-XXTXX:XX,,False,,date stamp,poor
FI-0970-4089_cls1_0,GARE DE CHALON SUR SAONE,1930-12-29T22:25,S&L,False,,date stamp,mediocre
FI-0970-4093_cls1_0,CHAIX FRANCIS,1907-04-15TXX:XX,SAONE-ET-LOIRE,True,,date stamp,mediocre
FI-0970-4096_cls1_0,ECRIENAY,1904-10-06T09:10,MARNE,False,,date stamp,mediocre
FI-0970-4105_cls1_0,,XXXX-XX-XXTXX:XX,COTE-D'OR,True,,date stamp,poor
FI-0970-4107_cls1_0,SIGEOIN,1907-04-27TXX:XX,COTE D'OR,True,,date stamp,mediocre
FI-0970-4110_cls1_0,,XXXX-XX-XXTXX:XX,,False,,,poor
FI-0970-4118_cls1_0,,XXXX-10-06TXX:XX,,False,,date stamp,poor
FI-0970-4119_cls1_0,,1907-03-17T03:25,MARNE,False,,date stamp,mediocre
FI-0970-4133_cls1_0,,XXXX-XX-XXTXX:XX,,False,,date stamp,poor
FI-0970-4145_cls1_0,SEMUR EN AUXOIS,1913-08-20T14:10,COTE D'OR,False,,date stamp,mediocre
FI-0970-4146_cls1_0,,XXXX-XX-XXTXX:XX,,False,,date stamp,poor
FI-0970-4147_cls1_0,,XXXX-XX-XXTXX:XX,,False,,date stamp,poor
FI-0970-4148_cls1_0,CHALONS S/ MARNE,1920-08-21TXX:55,MARNE,False,,date stamp,mediocre
FI-0970-4156_cls1_0,JOUFFRAY,1907-10-05T05:55,MTHE ET MLLE,False,,date stamp,mediocre
FI-0970-4159_cls1_0,,XXXX-XX-XXTXX:XX,,False,,date stamp,poor
FI-0970-4164_cls1_0,PARIS 17 S SAORGE,1915-XX-20T20:30,SEINE,False,,date stamp,mediocre
FI-0970-4169_cls1_0,EPINAY S/ SEINE,1911-05-26T14:15,SEINE ET OISE,False,,date stamp,mediocre
FI-0970-4170_cls1_0,,XXXX-XX-XXTXX:XX,,False,,date stamp,poor
FI-0970-4178_cls1_0,,XXXX-XX-XXTXX:XX,,False,,date stamp,poor
FI-0970-4182_cls1_0,,XXXX-XX-XXTXX:XX,,False,,date stamp,poor
FI-0970-4188_cls1_0,,XXXX-XX-XXTXX:XX,,False,,date stamp,poor
FI-0970-4192_cls1_0,,XXXX-XX-XXTXX:XX,,False,,date stamp,poor
FI-0970-4195_cls1_0,,1905-XX-19TXX:XX,MARNE,True,,date stamp,poor
FI-0970-4200_cls1_0,,1908-08-20TXX:XX,,False,3E,date stamp,mediocre
FI-0970-4201_cls1_0,,XXXX-XX-XXTXX:XX,,True,,date stamp,poor
FI-0970-4203_cls1_0,CHALONS S/ MARNE-GARE,1908-05-XXTXX:XX,MARNE,True,,date stamp,poor
FI-0970-4211_cls1_0,,1913-04-03TXX:20,,True,,date stamp,mediocre
FI-0970-4212_cls1_0,,194X-XX-XXTXX:XX,,False,,date stamp,poor
FI-0970-4214_cls1_0,MONTGERON,1926-05-13T20:30,S-ET-OISE,False,,date stamp,mediocre
FI-0970-4215_cls1_0,NOROY S/SOURDRUPT,1907-09-28TXX:XX,MEUSE,False,,date stamp,mediocre
FI-0970-4222_cls1_0,,1907-03-07T15:30,COTE D'OR,False,,date stamp,mediocre
FI-0970-4227_cls1_0,,1925-XX-23T21:XX,COTE-D'OR,False,,date stamp,mediocre
FI-0970-4228_cls1_0,,XXXX-XX-20T0X:0X,,False,,date stamp,poor
FI-0970-4228_cls1_1,,XXXX-XX-XXTXX:XX,,False,,date stamp,poor
FI-0970-4229_cls1_0,,XXXX-XX-XXTXX:XX,,False,,date stamp,poor
FI-0970-4229_cls1_1,NEVERS,XXXX-XX-XXTXX:XX,NIEVRE,False,,date stamp,poor
FI-0970-4236_cls1_0,,XXXX-XX-XXTXX:XX,,False,,,poor
FI-0970-4236_cls1_1,,XXXX-XX-XXTXX:XX,,False,,date stamp,poor
FI-0970-4237_cls1_0,GARE DE DIJON,XXXX-05-28T23:15,COTE D'OR,False,,date stamp,mediocre
FI-0970-4246_cls1_0,SEINE ET OISE,1905-08-07T18:15,SEINE-ET-OISE,False,,date stamp,mediocre
FI-0970-4259_cls1_0,,XXXX-XX-XXTXX:XX,,False,,date stamp,poor
FI-0970-4259_cls1_1,,XXXX-XX-XXTXX:XX,,False,,date stamp,poor
FI-0970-4260_cls1_0,,XXXX-XX-XXTXX:XX,,False,,date stamp,poor
FI-0970-4266_cls1_0,,XXXX-XX-XXTXX:XX,,True,,date stamp,poor
FI-0970-4267_cls1_0,,XXXX-12-XXTXX:XX,,False,12,date stamp,poor
FI-0970-4272_cls1_0,CHAGNY,XXXX-XX-30T09:XX,SAONE-ET-LOIRE,False,,date stamp,mediocre
FI-0970-4273_cls1_0,,XXXX-XX-XXTXX:XX,,False,,date stamp,poor
FI-0970-4275_cls1_0,,XXXX-XX-XXTXX:XX,,False,,date stamp,poor
FI-0970-4276_cls1_0,,XXXX-XX-XXTXX:XX,,False,,,poor
FI-0970-4279_cls1_0,,1907-08-06TXX:XX,AUBE,True,,date stamp,mediocre
FI-0970-4280_cls1_0,,XXXX-XX-XXTXX:XX,,False,,date stamp,poor
FI-0970-4283_cls1_0,,1916-09-16T18:4X,,True,,date stamp,mediocre
FI-0970-4285_cls1_0,,XXXX-XX-XXTXX:XX,,False,,date stamp,poor
FI-0970-4286_cls1_0,,XXXX-XX-XXTXX:XX,,False,,date stamp,poor
FI-0970-4287_cls1_0,CHALON S/ SAONE,1909-08-29T20:05,S. ET LOIRE,False,8E,date stamp,mediocre
FI-0970-4288_cls1_0,EPINAL,XXXXX-15T16:XX,VOSGES,False,,date stamp,poor
FI-0970-4289_cls1_0,,19XX-XX-X5T14:XX,,False,15,date stamp,poor
